{"stats":{"minecraft:custom":{"minecraft:interact_with_furnace":3,"minecraft:mob_kills":21,"minecraft:interact_with_crafting_table":19,"minecraft:leave_game":1,"minecraft:time_since_death":1459,"minecraft:climb_one_cm":1521,"minecraft:time_since_rest":1511,"minecraft:sprint_one_cm":105840,"minecraft:damage_taken":3794,"minecraft:walk_one_cm":156081,"minecraft:drop":19,"minecraft:damage_dealt":6645,"minecraft:talked_to_villager":2,"minecraft:swim_one_cm":35532,"minecraft:fly_one_cm":185342,"minecraft:open_chest":4,"minecraft:deaths":13,"minecraft:crouch_one_cm":178,"minecraft:play_time":59049,"minecraft:sneak_time":94,"minecraft:walk_under_water_one_cm":36105,"minecraft:boat_one_cm":57693,"minecraft:jump":1045,"minecraft:walk_on_water_one_cm":56719,"minecraft:fish_caught":3,"minecraft:total_world_time":59049,"minecraft:fall_one_cm":30771,"minecraft:horse_one_cm":30764},"minecraft:broken":{"minecraft:stone_sword":1,"minecraft:wooden_pickaxe":1},"minecraft:killed_by":{"mutationcraft:assimilated_horse":1,"man:managgresive":1,"minecraft:player":1,"the_one_who_watches:toww_running":1,"mutationcraft:assimilated_fox":1,"mutationcraft:reductor":1,"mutationcraft:developed_roamer":2,"mutationcraft:assimilated_wandering_trader":2,"mutationcraft:assimilated_enderman":2},"minecraft:killed":{"minecraft:pig":2,"mutationcraft:assimilated_donkey":1,"minecraft:sheep":5,"mutationcraft:necroptor":4,"minecraft:zombie":2,"mutationcraft:assimilated_human":1,"mutationcraft:assimilated_pig":1,"mutationcraft:assimilated_bear":1,"mutationcraft:assimilated_roamer":1,"mutationcraft:assimilated_pillager":1,"mutationcraft:developed_roamer":1,"mutationcraft:assimilated_cow":2},"minecraft:picked_up":{"minecraft:wooden_axe":3,"minecraft:fishing_rod":1,"minecraft:wheat":9,"minecraft:crafting_table":9,"minecraft:salmon":4,"minecraft:wooden_pickaxe":10,"minecraft:potion":2,"minecraft:oak_log":26,"minecraft:dirt":1,"minecraft:cooked_mutton":4,"minecraft:pufferfish":3,"minecraft:bone":4,"mutationcraft:putrid_brain":11,"minecraft:acacia_planks":233,"minecraft:wheat_seeds":38,"minecraft:iron_ingot":3,"minecraft:stone_pickaxe":6,"minecraft:poppy":1,"minecraft:mossy_stone_bricks":2,"minecraft:glass_bottle":1,"minecraft:light_gray_wool":1,"minecraft:acacia_sapling":1,"minecraft:oak_planks":34,"minecraft:furnace":5,"minecraft:stick":40,"minecraft:raw_iron":4,"minecraft:torch":37,"minecraft:acacia_log":14,"mutationcraft:putrid_block":3,"minecraft:gravel":3,"mutationcraft:putrid_claw":37,"minecraft:porkchop":3,"minecraft:white_bed":1,"minecraft:mossy_cobblestone":3,"minecraft:stone_sword":5,"minecraft:rotten_flesh":19,"minecraft:stone_axe":10,"minecraft:oak_sapling":7,"minecraft:cod":8,"minecraft:mutton":30,"mutationcraft:putrid_heart":5,"minecraft:coal":103,"minecraft:white_wool":14,"minecraft:cobblestone":136},"minecraft:mined":{"minecraft:crafting_table":4,"minecraft:torch":1,"minecraft:acacia_log":14,"minecraft:cobblestone":10,"minecraft:tall_grass":26,"minecraft:oak_planks":1,"minecraft:red_mushroom":1,"minecraft:furnace":1,"minecraft:iron_ore":1,"minecraft:wheat":7,"minecraft:grass":18,"minecraft:oak_log":25,"minecraft:coal_ore":20,"mutationcraft:putrid_block":4,"minecraft:dirt":2,"minecraft:gravel":4,"minecraft:stone":32},"minecraft:crafted":{"minecraft:oak_planks":96,"minecraft:crafting_table":6,"minecraft:wooden_pickaxe":2,"minecraft:furnace":1,"minecraft:stone_axe":2,"minecraft:acacia_boat":3,"minecraft:cooked_mutton":2,"minecraft:air":0,"minecraft:stick":40,"minecraft:stone_pickaxe":1,"minecraft:wooden_axe":2,"minecraft:stone_sword":4,"minecraft:acacia_planks":48,"minecraft:torch":16},"minecraft:used":{"minecraft:acacia_boat":3,"minecraft:stone_sword":154,"minecraft:acacia_log":2,"minecraft:stone_pickaxe":38,"minecraft:oak_planks":4,"minecraft:wooden_pickaxe":57,"minecraft:rotten_flesh":1,"minecraft:dirt":1,"minecraft:crafting_table":9,"minecraft:white_bed":1,"minecraft:wooden_axe":15,"mutationcraft:putrid_block":3,"minecraft:gravel":3,"minecraft:stone_axe":30,"minecraft:light_gray_wool":1,"minecraft:fishing_rod":10,"mutationcraft:putrid_claw":3,"minecraft:furnace":2,"minecraft:porkchop":1,"minecraft:acacia_planks":11},"minecraft:dropped":{"minecraft:stone_axe":3,"minecraft:oak_planks":1,"mutationcraft:putrid_heart":1,"minecraft:pufferfish":2,"minecraft:wooden_axe":1,"minecraft:mossy_stone_bricks":2,"minecraft:oak_sapling":3,"minecraft:acacia_sapling":1,"minecraft:potion":1,"minecraft:stone_pickaxe":2,"minecraft:wooden_pickaxe":2,"mutationcraft:putrid_claw":2}},"DataVersion":3120}