{"stats":{"minecraft:custom":{"minecraft:time_since_rest":1571,"minecraft:sprint_one_cm":16756,"minecraft:damage_taken":526,"minecraft:walk_one_cm":35874,"minecraft:mob_kills":4,"minecraft:drop":2,"minecraft:damage_dealt":541,"minecraft:interact_with_crafting_table":4,"minecraft:fly_one_cm":48084,"minecraft:crouch_one_cm":65,"minecraft:play_time":12813,"minecraft:deaths":2,"minecraft:sneak_time":52,"minecraft:jump":240,"minecraft:leave_game":1,"minecraft:time_since_death":1538,"minecraft:sleep_in_bed":1,"minecraft:total_world_time":12813,"minecraft:climb_one_cm":263,"minecraft:fall_one_cm":8015},"minecraft:dropped":{"spartanshields:wooden_tower_shield":2},"minecraft:picked_up":{"minecraft:wooden_axe":1,"minecraft:birch_log":2,"minecraft:stick":16,"minecraft:torch":4,"minecraft:wooden_pickaxe":1,"spartanshields:wooden_tower_shield":6,"minecraft:oak_log":35,"minecraft:white_bed":2,"minecraft:cornflower":2,"minecraft:dirt":19,"minecraft:stone_sword":1,"minecraft:stone_axe":1,"minecraft:wheat_seeds":9,"minecraft:stone_pickaxe":1,"minecraft:oak_sapling":39,"minecraft:mutton":14,"minecraft:oak_planks":79,"minecraft:coal":52,"minecraft:white_wool":5,"minecraft:cobblestone":83},"minecraft:mined":{"minecraft:cornflower":1,"minecraft:grass":16,"minecraft:coal_ore":28,"minecraft:grass_block":3,"minecraft:oak_log":20,"minecraft:dirt":6,"minecraft:tall_grass":7,"minecraft:stone":54,"minecraft:wall_torch":1,"minecraft:oak_leaves":3},"minecraft:killed_by":{"man:managgresive":1,"minecraft:player":1},"minecraft:killed":{"minecraft:sheep":4},"minecraft:used":{"minecraft:wooden_axe":34,"minecraft:stone_pickaxe":55,"minecraft:wooden_pickaxe":27,"minecraft:torch":14,"minecraft:crafting_table":2,"minecraft:white_bed":1},"minecraft:crafted":{"minecraft:oak_planks":96,"minecraft:crafting_table":2,"minecraft:wooden_pickaxe":1,"minecraft:stone_pickaxe":1,"minecraft:wooden_axe":1,"minecraft:stone_sword":1,"minecraft:white_bed":1,"minecraft:torch":16,"minecraft:stone_axe":1}},"DataVersion":3120}