{"stats":{"minecraft:custom":{"minecraft:interact_with_furnace":3,"minecraft:mob_kills":22,"minecraft:interact_with_crafting_table":22,"minecraft:sleep_in_bed":1,"minecraft:leave_game":2,"minecraft:time_since_death":427,"minecraft:climb_one_cm":1521,"minecraft:time_since_rest":461,"minecraft:sprint_one_cm":128364,"minecraft:damage_taken":6039,"minecraft:walk_one_cm":220687,"minecraft:drop":23,"minecraft:damage_dealt":7914,"minecraft:swim_one_cm":35532,"minecraft:open_chest":5,"minecraft:talked_to_villager":2,"minecraft:fly_one_cm":201684,"minecraft:play_time":89128,"minecraft:crouch_one_cm":178,"minecraft:deaths":20,"minecraft:sneak_time":94,"minecraft:walk_under_water_one_cm":36105,"minecraft:boat_one_cm":57693,"minecraft:jump":1170,"minecraft:walk_on_water_one_cm":59109,"minecraft:fall_one_cm":32418,"minecraft:total_world_time":89128,"minecraft:fish_caught":3,"minecraft:horse_one_cm":30764},"minecraft:broken":{"minecraft:stone_sword":1,"minecraft:wooden_pickaxe":1},"minecraft:killed_by":{"mutationcraft:assimilated_pig":1,"mutationcraft:assimilated_horse":1,"man:managgresive":1,"minecraft:player":1,"mutationcraft:assimilated_donkey":1,"the_one_who_watches:toww_running":1,"mutationcraft:assimilated_fox":1,"mutationcraft:assimilated_roamer":3,"mutationcraft:reductor":1,"mutationcraft:assimilated_wandering_trader":2,"mutationcraft:developed_roamer":2,"mutationcraft:assimilated_enderman":4},"minecraft:killed":{"minecraft:pig":2,"mutationcraft:assimilated_donkey":1,"minecraft:sheep":5,"mutationcraft:necroptor":4,"minecraft:zombie":2,"mutationcraft:assimilated_human":1,"mutationcraft:assimilated_pig":1,"mutationcraft:assimilated_bear":2,"mutationcraft:assimilated_roamer":1,"mutationcraft:assimilated_pillager":1,"mutationcraft:developed_roamer":1,"mutationcraft:assimilated_cow":2},"minecraft:picked_up":{"minecraft:wooden_axe":3,"minecraft:fishing_rod":1,"minecraft:crafting_table":16,"minecraft:wheat":24,"minecraft:salmon":4,"minecraft:wooden_pickaxe":10,"minecraft:potato":8,"minecraft:potion":2,"minecraft:oak_log":69,"minecraft:cornflower":5,"minecraft:dirt":1,"minecraft:cooked_mutton":4,"minecraft:pufferfish":3,"minecraft:bone":4,"mutationcraft:putrid_brain":11,"minecraft:acacia_planks":233,"minecraft:beetroot":2,"minecraft:wheat_seeds":130,"minecraft:smooth_stone":35,"minecraft:iron_ingot":3,"minecraft:stone_pickaxe":10,"minecraft:mossy_stone_bricks":2,"minecraft:poppy":1,"minecraft:glass_bottle":1,"minecraft:light_gray_wool":1,"minecraft:oak_planks":391,"minecraft:acacia_sapling":1,"minecraft:furnace":5,"minecraft:stick":82,"minecraft:raw_iron":4,"minecraft:oak_door":2,"minecraft:torch":52,"mutationcraft:putrid_block":3,"minecraft:acacia_log":14,"minecraft:gravel":3,"mutationcraft:putrid_claw":42,"minecraft:porkchop":3,"minecraft:carrot":14,"minecraft:white_bed":1,"minecraft:mossy_cobblestone":8,"minecraft:stone_sword":8,"minecraft:rotten_flesh":19,"minecraft:beetroot_seeds":25,"minecraft:stone_axe":14,"minecraft:oak_sapling":11,"minecraft:mutton":30,"mutationcraft:putrid_heart":5,"minecraft:cod":8,"minecraft:coal":103,"minecraft:white_wool":14,"minecraft:cobblestone":299},"minecraft:mined":{"minecraft:glass_pane":1,"minecraft:mossy_cobblestone":5,"minecraft:crafting_table":5,"minecraft:cornflower":1,"minecraft:torch":1,"minecraft:acacia_log":14,"minecraft:tall_grass":97,"minecraft:cobblestone":50,"minecraft:oak_planks":3,"minecraft:red_mushroom":1,"minecraft:wall_torch":2,"minecraft:smooth_stone":7,"minecraft:furnace":1,"minecraft:carrots":3,"minecraft:iron_ore":1,"minecraft:wheat":11,"minecraft:potatoes":2,"minecraft:beetroots":2,"minecraft:grass":167,"minecraft:coal_ore":20,"minecraft:oak_log":68,"mutationcraft:putrid_block":4,"minecraft:gravel":4,"minecraft:dirt":2,"minecraft:stone":32},"minecraft:crafted":{"minecraft:oak_planks":208,"minecraft:crafting_table":6,"minecraft:wooden_pickaxe":2,"minecraft:furnace":1,"minecraft:stone_axe":3,"minecraft:acacia_boat":3,"minecraft:cooked_mutton":2,"minecraft:air":0,"minecraft:stick":48,"minecraft:stone_pickaxe":2,"minecraft:wooden_axe":2,"minecraft:stone_sword":4,"minecraft:acacia_planks":48,"minecraft:torch":16},"minecraft:used":{"minecraft:beetroot":2,"minecraft:acacia_boat":3,"minecraft:stone_sword":213,"minecraft:acacia_log":2,"minecraft:stone_pickaxe":100,"minecraft:oak_planks":4,"minecraft:wooden_pickaxe":57,"minecraft:rotten_flesh":1,"minecraft:oak_door":2,"minecraft:mossy_cobblestone":6,"minecraft:dirt":1,"minecraft:crafting_table":9,"minecraft:carrot":10,"minecraft:white_bed":1,"minecraft:wooden_axe":15,"minecraft:cobblestone":2,"minecraft:gravel":3,"mutationcraft:putrid_block":3,"minecraft:light_gray_wool":1,"minecraft:stone_axe":95,"minecraft:fishing_rod":10,"mutationcraft:putrid_claw":3,"minecraft:furnace":2,"minecraft:porkchop":1,"minecraft:acacia_planks":11},"minecraft:dropped":{"minecraft:stone_axe":3,"minecraft:cobblestone":6,"minecraft:oak_planks":1,"mutationcraft:putrid_heart":1,"minecraft:pufferfish":2,"minecraft:wooden_axe":1,"minecraft:mossy_stone_bricks":2,"minecraft:acacia_sapling":1,"minecraft:oak_sapling":3,"minecraft:potion":1,"minecraft:stone_pickaxe":2,"minecraft:wooden_pickaxe":2,"mutationcraft:putrid_claw":2}},"DataVersion":3120}