{"stats":{"minecraft:custom":{"minecraft:time_since_rest":5242,"minecraft:crouch_one_cm":44,"minecraft:sprint_one_cm":11590,"minecraft:play_time":29439,"minecraft:deaths":10,"minecraft:damage_taken":2943,"minecraft:walk_one_cm":53680,"minecraft:sneak_time":14,"minecraft:mob_kills":1,"minecraft:jump":164,"minecraft:damage_dealt":80,"minecraft:leave_game":2,"minecraft:time_since_death":5203,"minecraft:total_world_time":29439,"minecraft:fall_one_cm":5637,"minecraft:fly_one_cm":8571},"minecraft:picked_up":{"minecraft:birch_log":2,"minecraft:stick":8,"minecraft:oak_log":8,"minecraft:oak_sapling":14,"minecraft:dirt":7},"minecraft:mined":{"minecraft:oak_log":4,"minecraft:grass_block":3,"minecraft:dirt":4},"minecraft:killed_by":{"apollyon:the_damned":4,"minecraft:zombie":4,"minecraft:player":2},"minecraft:killed":{"minecraft:zombie_villager":1},"minecraft:used":{"minecraft:dirt":1},"minecraft:crafted":{"minecraft:oak_planks":28,"minecraft:crafting_table":1}},"DataVersion":3120}