{"stats":{"minecraft:mined":{"minecraft:spruce_planks":2,"minecraft:oak_sapling":2,"minecraft:crafting_table":1,"minecraft:grass_block":8,"minecraft:oak_planks":2,"minecraft:fire":2,"minecraft:grass":2,"minecraft:oak_log":15,"minecraft:dirt":6,"minecraft:stone":52,"minecraft:oak_leaves":2},"minecraft:crafted":{"minecraft:cooked_beef":2,"minecraft:oak_planks":68,"minecraft:crafting_table":2,"minecraft:iron_helmet":1,"minecraft:air":0,"spartanshields:iron_basic_shield":1,"minecraft:iron_boots":1,"minecraft:iron_chestplate":1,"minecraft:shield":1,"minecraft:iron_ingot":6,"minecraft:wooden_axe":1,"minecraft:chest":2,"minecraft:gold_ingot":11,"spartanshields:wooden_basic_shield":1},"minecraft:custom":{"minecraft:interact_with_furnace":15,"minecraft:mob_kills":1,"minecraft:interact_with_crafting_table":12,"minecraft:leave_game":3,"minecraft:time_since_death":34253,"minecraft:sleep_in_bed":2,"minecraft:time_since_rest":8043,"minecraft:sprint_one_cm":25714,"minecraft:damage_taken":4197,"minecraft:walk_one_cm":172065,"minecraft:damage_blocked_by_shield":1550,"minecraft:drop":380,"minecraft:damage_dealt":524,"minecraft:swim_one_cm":42276,"minecraft:fly_one_cm":18017,"minecraft:player_kills":1,"minecraft:open_chest":11,"minecraft:crouch_one_cm":74,"minecraft:play_time":83122,"minecraft:deaths":11,"minecraft:sneak_time":110,"minecraft:walk_under_water_one_cm":7522,"minecraft:jump":508,"minecraft:walk_on_water_one_cm":8023,"minecraft:total_world_time":83122,"minecraft:fall_one_cm":9589},"minecraft:dropped":{"minecraft:birch_planks":12,"minecraft:cobblestone":7,"minecraft:oak_planks":15,"minecraft:stick":5,"iceandfire:dragonegg_red":1,"minecraft:spruce_planks":619,"minecraft:wooden_axe":1,"minecraft:gold_ingot":11},"minecraft:killed":{"minecraft:zombie_villager":1},"minecraft:used":{"minecraft:birch_planks":4,"minecraft:oak_planks":17,"minecraft:chest":2,"minecraft:shield":5,"minecraft:torch":2,"minecraft:dirt":6,"farmersdelight:chicken_sandwich":7,"minecraft:crafting_table":2,"minecraft:wooden_axe":2,"minecraft:apple":1,"minecraft:iron_pickaxe":53,"vtaw_mw:iron_battleaxe":1,"minecraft:stone_axe":31,"spartanshields:iron_basic_shield":41,"minecraft:oak_sapling":20,"minecraft:cooked_beef":2},"minecraft:killed_by":{"apollyon:the_damned":4,"minecraft:player":3,"minecraft:zombie":4},"minecraft:picked_up":{"minecraft:birch_log":2,"minecraft:crafting_table":1,"minecraft:birch_planks":36,"minecraft:oak_log":18,"farmersdelight:chicken_sandwich":7,"minecraft:dirt":12,"minecraft:apple":1,"minecraft:spruce_planks":1850,"minecraft:iron_ingot":14,"minecraft:iron_pickaxe":1,"minecraft:oak_planks":41,"minecraft:stick":10,"minecraft:raw_iron":6,"minecraft:torch":21,"minecraft:green_bed":1,"iceandfire:dragonegg_red":1,"minecraft:stone_axe":1,"minecraft:oak_sapling":24,"vtaw_mw:iron_battleaxe":1,"minecraft:cobblestone":71}},"DataVersion":3120}