{"stats":{"minecraft:broken":{"minecraft:stone_pickaxe":3},"minecraft:killed":{"minecraft:zombie_villager":1},"minecraft:killed_by":{"apollyon:the_damned":4,"skinwalker_overhaul:skinwalker_overhaul":1,"minecraft:player":9,"minecraft:zombie":4},"minecraft:dropped":{"minecraft:iron_ingot":1,"minecraft:birch_planks":12,"minecraft:cooked_chicken":38,"minecraft:raw_copper":24,"minecraft:cobblestone":7,"minecraft:oak_planks":19,"minecraft:coal":1,"minecraft:stick":5,"vtaw_mw:iron_battleaxe":1,"iceandfire:dragonegg_red":1,"minecraft:spruce_planks":619,"minecraft:wooden_axe":4,"minecraft:wooden_pickaxe":1,"vtaw_mw:iron_katana":1,"minecraft:gold_ingot":11},"minecraft:mined":{"minecraft:spruce_planks":6,"minecraft:oak_sapling":2,"iceandfire:silver_ore":1,"minecraft:crafting_table":1,"minecraft:torch":2,"minecraft:grass_block":8,"minecraft:copper_ore":2,"minecraft:lapis_ore":2,"minecraft:oak_planks":2,"minecraft:wall_torch":1,"minecraft:iron_ore":7,"minecraft:fire":2,"minecraft:grass":2,"minecraft:coal_ore":1,"minecraft:oak_log":15,"minecraft:dirt":9,"minecraft:stone":562,"minecraft:oak_leaves":2},"minecraft:crafted":{"minecraft:cooked_beef":3,"minecraft:oak_planks":68,"iceandfire:silver_ingot":3,"minecraft:crafting_table":2,"minecraft:iron_helmet":1,"minecraft:air":0,"spartanshields:iron_basic_shield":1,"minecraft:iron_boots":1,"minecraft:iron_chestplate":1,"minecraft:shield":1,"minecraft:stick":8,"minecraft:iron_ingot":13,"minecraft:stone_pickaxe":4,"minecraft:wooden_axe":1,"minecraft:chest":2,"minecraft:iron_leggings":1,"minecraft:gold_ingot":11,"spartanshields:wooden_basic_shield":1},"minecraft:custom":{"minecraft:interact_with_furnace":39,"spartanshields:shield_bash_hits":2,"minecraft:mob_kills":1,"minecraft:interact_with_crafting_table":28,"minecraft:leave_game":11,"minecraft:time_since_death":9974,"minecraft:sleep_in_bed":4,"minecraft:time_since_rest":10004,"minecraft:sprint_one_cm":62252,"minecraft:damage_taken":6948,"minecraft:walk_one_cm":432042,"minecraft:damage_blocked_by_shield":2495,"minecraft:drop":435,"minecraft:damage_dealt":3048,"minecraft:swim_one_cm":42276,"minecraft:fly_one_cm":56830,"minecraft:player_kills":3,"minecraft:open_chest":26,"minecraft:crouch_one_cm":34635,"minecraft:play_time":151757,"minecraft:deaths":18,"minecraft:sneak_time":7715,"minecraft:walk_under_water_one_cm":19434,"minecraft:jump":896,"minecraft:walk_on_water_one_cm":16248,"minecraft:total_world_time":151757,"minecraft:fall_one_cm":13170},"minecraft:used":{"vtaw_mw:iron_katana":5,"minecraft:flint_and_steel":5,"minecraft:birch_planks":4,"minecraft:stone_pickaxe":513,"minecraft:oak_planks":17,"minecraft:spruce_planks":453,"minecraft:chest":2,"minecraft:shield":5,"minecraft:green_bed":1,"minecraft:cooked_chicken":3,"minecraft:torch":27,"minecraft:dirt":6,"farmersdelight:chicken_sandwich":7,"minecraft:tnt":19,"minecraft:crafting_table":2,"minecraft:wooden_axe":3,"minecraft:apple":1,"minecraft:iron_pickaxe":64,"minecraft:dark_oak_wood":5,"vtaw_mw:iron_battleaxe":42,"minecraft:stone_axe":31,"minecraft:cobblestone":106,"spartanshields:iron_basic_shield":54,"minecraft:oak_sapling":20,"minecraft:cooked_beef":3},"minecraft:picked_up":{"minecraft:birch_log":2,"minecraft:crafting_table":1,"minecraft:wooden_pickaxe":1,"minecraft:birch_planks":36,"minecraft:oak_log":18,"minecraft:lapis_lazuli":16,"farmersdelight:chicken_sandwich":7,"minecraft:dirt":75,"minecraft:raw_copper":24,"minecraft:apple":1,"minecraft:spruce_planks":1859,"minecraft:beef":1,"minecraft:iron_ingot":15,"minecraft:cooked_chicken":19,"minecraft:iron_pickaxe":1,"minecraft:oak_planks":45,"minecraft:stick":10,"minecraft:raw_iron":13,"minecraft:torch":27,"minecraft:green_bed":1,"iceandfire:silver_ore":1,"vtaw_mw:iron_katana":1,"iceandfire:dragonegg_red":1,"minecraft:tnt":62,"minecraft:stone_axe":1,"minecraft:oak_sapling":24,"vtaw_mw:iron_battleaxe":2,"minecraft:dark_oak_wood":12,"minecraft:coal":2,"minecraft:cobblestone":701,"minecraft:wooden_axe":3}},"DataVersion":3120}