{"stats":{"minecraft:killed":{"minecraft:spider":5,"naturalist:tortoise":1,"naturalist:snail":1,"minecraft:skeleton":3,"naturalist:bear":2,"minecraft:zombie":17,"apollyon:the_damned":1,"minecraft:cow":8},"minecraft:killed_by":{"the_silence:the_silence_principal":1,"minecraft:player":4,"minecraft:creeper":1,"the_silence:la_cosa_real":1,"man:managgresive":1,"mimic_dweller:mimic_dweller":1,"apollyon:the_damned":1,"skinwalker_overhaul:skinwalker_overhaul":2,"simon_12:simon_12":2},"minecraft:dropped":{"minecraft:iron_ingot":4,"minecraft:birch_planks":35,"minecraft:glow_ink_sac":1,"spartanshields:stone_tower_shield":1,"iceandfire:dragonegg_red":2,"iceandfire:silver_sword":1,"minecraft:wither_rose":4,"minecraft:sand":2,"minecraft:iron_pickaxe":1,"minecraft:gravel":4,"minecraft:stone_axe":1,"minecraft:oak_planks":128,"minecraft:pumpkin_seeds":4,"farmersdelight:chicken_sandwich":3,"vtaw_mw:iron_battleaxe":1,"minecraft:spruce_planks":595},"minecraft:crafted":{"minecraft:oak_door":3,"minecraft:oak_planks":176,"spartanshields:wooden_tower_shield":2,"minecraft:lightning_rod":1,"minecraft:furnace":3,"iceandfire:armor_copper_metal_leggings":1,"minecraft:jack_o_lantern":1,"vtaw_mw:iron_greataxe":1,"spartanshields:stone_tower_shield":2,"spartanshields:iron_basic_shield":1,"iceandfire:armor_silver_metal_chestplate":1,"iceandfire:armor_silver_metal_leggings":1,"cfm:oak_desk_cabinet":2,"minecraft:stone_pickaxe":2,"minecraft:chest":3,"iceandfire:armor_silver_metal_boots":1,"minecraft:lead":1,"minecraft:cooked_beef":15,"sophisticatedbackpacks:backpack":1,"iceandfire:silver_ingot":17,"vtaw_mw:wooden_rod":4,"minecraft:crafting_table":2,"minecraft:spruce_planks":64,"vtaw_mw:iron_battleaxe":1,"minecraft:wooden_pickaxe":2,"minecraft:iron_helmet":1,"minecraft:birch_planks":40,"minecraft:stone_axe":2,"farmersdelight:beef_patty":1,"minecraft:air":0,"minecraft:iron_chestplate":1,"minecraft:shield":1,"minecraft:stick":44,"minecraft:iron_pickaxe":1,"minecraft:iron_ingot":70,"minecraft:wooden_axe":1,"minecraft:iron_block":4,"spartanshields:wooden_basic_shield":1,"minecraft:torch":76,"minecraft:shears":1},"minecraft:mined":{"minecraft:deepslate_tiles":7,"minecraft:tuff":1,"minecraft:spruce_planks":16,"iceandfire:silver_ore":25,"minecraft:mossy_cobblestone":3,"minecraft:oak_door":2,"minecraft:carved_pumpkin":2,"minecraft:glow_lichen":1,"minecraft:grass_block":39,"minecraft:spruce_leaves":4,"minecraft:magma_block":3,"minecraft:redstone_ore":1,"minecraft:furnace":1,"minecraft:iron_ore":36,"minecraft:fire":3,"minecraft:andesite":7,"minecraft:pumpkin":2,"minecraft:deepslate_lapis_ore":2,"minecraft:gold_block":2,"minecraft:deepslate_iron_ore":23,"minecraft:stone":397,"minecraft:iron_block":1,"minecraft:green_bed":1,"minecraft:deepslate_redstone_ore":8,"minecraft:spruce_door":4,"minecraft:crafting_table":2,"minecraft:torch":7,"minecraft:tall_grass":1,"minecraft:copper_ore":34,"minecraft:cobblestone":32,"minecraft:deepslate_gold_ore":1,"minecraft:lapis_ore":1,"minecraft:oak_planks":3,"minecraft:wall_torch":3,"minecraft:birch_log":19,"minecraft:spruce_log":15,"minecraft:birch_leaves":4,"minecraft:stone_brick_stairs":1,"minecraft:grass":5,"minecraft:oak_log":71,"minecraft:coal_ore":51,"minecraft:dirt":85,"minecraft:gold_ore":1,"minecraft:oak_leaves":20,"minecraft:deepslate":7},"minecraft:custom":{"minecraft:interact_with_anvil":2,"minecraft:mob_kills":41,"minecraft:interact_with_crafting_table":71,"minecraft:open_barrel":13,"minecraft:leave_game":23,"minecraft:time_since_death":7479,"minecraft:climb_one_cm":444,"minecraft:sprint_one_cm":436593,"minecraft:walk_one_cm":342091,"minecraft:damage_blocked_by_shield":4714,"minecraft:drop":69,"minecraft:play_time":231046,"minecraft:deaths":16,"minecraft:sneak_time":8378,"minecraft:walk_under_water_one_cm":42271,"minecraft:boat_one_cm":152679,"minecraft:jump":2161,"minecraft:walk_on_water_one_cm":35670,"minecraft:total_world_time":231046,"minecraft:interact_with_furnace":33,"spartanshields:shield_bash_hits":1,"minecraft:sleep_in_bed":7,"minecraft:time_since_rest":7508,"minecraft:damage_taken":7143,"minecraft:damage_dealt":11463,"minecraft:swim_one_cm":148735,"minecraft:fly_one_cm":367805,"minecraft:player_kills":2,"minecraft:open_chest":60,"minecraft:crouch_one_cm":24237,"minecraft:fall_one_cm":55352},"minecraft:used":{"minecraft:jack_o_lantern":1,"minecraft:iron_shovel":119,"iceandfire:silver_sword":45,"twilightforest:twilight_oak_door":4,"vtaw_mw:iron_greataxe":161,"minecraft:chest":4,"minecraft:spruce_planks":381,"minecraft:shield":2,"minecraft:oak_door":5,"minecraft:torch":152,"minecraft:dirt":36,"minecraft:anvil":1,"farmersdelight:beef_patty":3,"minecraft:glass":148,"minecraft:wooden_axe":7,"minecraft:lava_bucket":26,"minecraft:grass_block":23,"minecraft:iron_block":5,"minecraft:iron_axe":119,"minecraft:iron_helmet":1,"vtaw_mw:iron_battleaxe":7,"minecraft:stone_brick_stairs":66,"minecraft:red_carpet":8,"minecraft:magma_block":2,"spartanshields:iron_basic_shield":54,"minecraft:furnace":4,"minecraft:oak_sapling":6,"minecraft:egg":1,"minecraft:cooked_beef":14,"minecraft:pumpkin":2,"minecraft:water_bucket":2,"minecraft:spruce_door":3,"minecraft:birch_planks":4,"minecraft:stone_pickaxe":55,"minecraft:oak_planks":67,"minecraft:wooden_pickaxe":13,"minecraft:green_bed":1,"minecraft:glow_berries":20,"minecraft:mossy_cobblestone":1,"farmersdelight:chicken_sandwich":12,"minecraft:crafting_table":4,"spartanshields:stone_tower_shield":36,"minecraft:painting":38,"minecraft:black_bed":3,"minecraft:shears":2,"minecraft:dark_oak_door":2,"minecraft:lightning_rod":1,"farmersdelight:minced_beef":13,"minecraft:lever":3,"minecraft:diamond_pickaxe":433,"minecraft:iron_pickaxe":152,"minecraft:stone_axe":50,"cfm:oak_desk_cabinet":2,"minecraft:cobblestone":38,"minecraft:bucket":25},"minecraft:picked_up":{"minecraft:crafting_table":2,"minecraft:lead":4,"minecraft:wooden_pickaxe":2,"minecraft:gold_block":1,"minecraft:wither_rose":5,"minecraft:stone_brick_stairs":1,"iceandfire:armor_silver_metal_chestplate":1,"minecraft:string":11,"minecraft:raw_copper":127,"minecraft:iron_axe":1,"spartanshields:stone_tower_shield":1,"minecraft:deepslate_tiles":7,"farmersdelight:beef_patty":2,"minecraft:spruce_planks":667,"minecraft:beef":17,"minecraft:poppy":2,"minecraft:iron_pickaxe":1,"minecraft:birch_sapling":2,"minecraft:egg":1,"minecraft:furnace":2,"minecraft:stick":11,"minecraft:raw_iron":60,"minecraft:oak_door":2,"farmersdelight:minced_beef":68,"minecraft:torch":66,"minecraft:green_bed":1,"iceandfire:silver_ore":34,"iceandfire:rotten_egg":2,"minecraft:redstone":40,"iceandfire:silver_ingot":3,"minecraft:arrow":2,"minecraft:rotten_flesh":18,"minecraft:iron_block":1,"minecraft:carved_pumpkin":2,"minecraft:gold_ingot":11,"minecraft:cobblestone":470,"minecraft:birch_log":19,"minecraft:magma_block":2,"minecraft:glow_ink_sac":3,"minecraft:andesite":17,"minecraft:leather":7,"minecraft:birch_planks":4,"minecraft:oak_log":63,"minecraft:lapis_lazuli":18,"minecraft:dirt":183,"farmersdelight:chicken_sandwich":20,"minecraft:bone":6,"minecraft:apple":2,"minecraft:raw_gold":2,"minecraft:stone_pickaxe":1,"minecraft:iron_ingot":9,"minecraft:oak_planks":46,"minecraft:pumpkin":2,"minecraft:gravel":4,"spartanshields:wooden_tower_shield":1,"minecraft:sand":2,"minecraft:spruce_log":16,"minecraft:spruce_door":4,"minecraft:mossy_cobblestone":5,"iceandfire:dragonegg_red":1,"minecraft:pumpkin_seeds":8,"minecraft:slime_ball":2,"minecraft:stone_axe":2,"iceandfire:silver_sword":3,"minecraft:iron_helmet":1,"minecraft:oak_sapling":19,"minecraft:coal":97}},"DataVersion":3120}