{"stats":{"minecraft:custom":{"minecraft:time_since_rest":3849,"minecraft:damage_taken":321,"minecraft:sprint_one_cm":3286,"minecraft:play_time":9965,"minecraft:deaths":1,"minecraft:walk_one_cm":17001,"minecraft:jump":63,"minecraft:damage_dealt":162,"minecraft:leave_game":10,"minecraft:time_since_death":3826,"minecraft:total_world_time":9965,"minecraft:interact_with_crafting_table":1,"minecraft:fall_one_cm":1973,"minecraft:fly_one_cm":4223},"minecraft:picked_up":{"minecraft:birch_log":9,"minecraft:stick":6,"spartanshields:wooden_tower_shield":1,"minecraft:oak_log":8,"minecraft:oak_sapling":9,"minecraft:birch_sapling":2,"minecraft:dirt":4},"minecraft:mined":{"minecraft:grass_block":4,"minecraft:oak_log":17,"minecraft:birch_log":7,"minecraft:oak_leaves":3},"minecraft:killed_by":{"minecraft:player":1},"minecraft:used":{"minecraft:wooden_axe":7,"minecraft:oak_sapling":1},"minecraft:crafted":{"minecraft:oak_planks":12,"minecraft:wooden_axe":1}},"DataVersion":3120}