{"stats":{"minecraft:crafted":{"minecraft:oak_planks":176,"spartanshields:wooden_tower_shield":2,"minecraft:furnace":3,"spartanshields:stone_tower_shield":2,"vtaw_mw:iron_greataxe":1,"spartanshields:iron_basic_shield":1,"iceandfire:armor_silver_metal_chestplate":1,"iceandfire:armor_silver_metal_leggings":1,"minecraft:stone_pickaxe":2,"minecraft:chest":2,"iceandfire:armor_silver_metal_boots":1,"iceandfire:silver_ingot":16,"vtaw_mw:wooden_rod":4,"minecraft:crafting_table":2,"minecraft:spruce_planks":64,"vtaw_mw:iron_battleaxe":1,"minecraft:iron_helmet":1,"minecraft:wooden_pickaxe":2,"minecraft:birch_planks":40,"minecraft:stone_axe":2,"minecraft:air":0,"farmersdelight:beef_patty":1,"minecraft:iron_chestplate":1,"minecraft:shield":1,"minecraft:stick":28,"minecraft:iron_ingot":36,"minecraft:iron_pickaxe":1,"minecraft:wooden_axe":1,"spartanshields:wooden_basic_shield":1,"minecraft:torch":4},"minecraft:mined":{"minecraft:deepslate_tiles":7,"minecraft:spruce_planks":4,"iceandfire:silver_ore":22,"minecraft:mossy_cobblestone":3,"minecraft:glow_lichen":1,"minecraft:grass_block":21,"minecraft:spruce_leaves":4,"minecraft:furnace":1,"minecraft:iron_ore":22,"minecraft:fire":3,"minecraft:andesite":1,"minecraft:pumpkin":2,"minecraft:gold_block":2,"minecraft:stone":164,"minecraft:green_bed":1,"minecraft:crafting_table":2,"minecraft:torch":7,"minecraft:cobblestone":4,"minecraft:copper_ore":21,"minecraft:tall_grass":1,"minecraft:oak_planks":1,"minecraft:wall_torch":1,"minecraft:birch_log":19,"minecraft:spruce_log":15,"minecraft:birch_leaves":4,"minecraft:stone_brick_stairs":1,"minecraft:grass":5,"minecraft:coal_ore":33,"minecraft:oak_log":57,"minecraft:dirt":12,"minecraft:oak_leaves":16},"minecraft:custom":{"minecraft:mob_kills":18,"minecraft:interact_with_crafting_table":56,"minecraft:open_barrel":13,"minecraft:leave_game":17,"minecraft:time_since_death":30556,"minecraft:climb_one_cm":444,"minecraft:sprint_one_cm":225372,"minecraft:walk_one_cm":168394,"minecraft:damage_blocked_by_shield":2651,"minecraft:drop":59,"minecraft:play_time":140277,"minecraft:deaths":10,"minecraft:sneak_time":2606,"minecraft:walk_under_water_one_cm":21477,"minecraft:boat_one_cm":152679,"minecraft:jump":1219,"minecraft:walk_on_water_one_cm":20899,"minecraft:total_world_time":140277,"minecraft:interact_with_furnace":21,"minecraft:sleep_in_bed":3,"minecraft:time_since_rest":3293,"minecraft:damage_taken":4207,"minecraft:damage_dealt":4651,"minecraft:swim_one_cm":87158,"minecraft:fly_one_cm":168247,"minecraft:player_kills":2,"minecraft:open_chest":13,"minecraft:crouch_one_cm":6335,"minecraft:fall_one_cm":27294},"minecraft:dropped":{"minecraft:iron_ingot":4,"minecraft:birch_planks":35,"spartanshields:stone_tower_shield":1,"iceandfire:dragonegg_red":2,"iceandfire:silver_sword":1,"minecraft:wither_rose":4,"minecraft:iron_pickaxe":1,"minecraft:stone_axe":1,"minecraft:oak_planks":128,"farmersdelight:chicken_sandwich":3,"vtaw_mw:iron_battleaxe":1,"minecraft:spruce_planks":595},"minecraft:killed":{"minecraft:spider":1,"naturalist:tortoise":1,"naturalist:snail":1,"minecraft:skeleton":1,"naturalist:bear":2,"minecraft:zombie":2,"minecraft:cow":8},"minecraft:used":{"minecraft:iron_shovel":29,"iceandfire:silver_sword":29,"vtaw_mw:iron_greataxe":32,"minecraft:spruce_planks":1,"minecraft:chest":2,"minecraft:shield":2,"minecraft:torch":55,"farmersdelight:beef_patty":3,"minecraft:wooden_axe":7,"minecraft:lava_bucket":22,"minecraft:iron_axe":83,"minecraft:iron_helmet":1,"vtaw_mw:iron_battleaxe":7,"spartanshields:iron_basic_shield":10,"minecraft:oak_sapling":6,"minecraft:furnace":4,"minecraft:water_bucket":2,"minecraft:birch_planks":4,"minecraft:stone_pickaxe":55,"minecraft:oak_planks":35,"minecraft:wooden_pickaxe":13,"minecraft:green_bed":1,"minecraft:glow_berries":6,"minecraft:mossy_cobblestone":1,"farmersdelight:chicken_sandwich":9,"minecraft:crafting_table":4,"spartanshields:stone_tower_shield":36,"farmersdelight:minced_beef":13,"minecraft:diamond_pickaxe":66,"minecraft:iron_pickaxe":152,"minecraft:stone_axe":50,"minecraft:cobblestone":7,"minecraft:bucket":21},"minecraft:killed_by":{"the_silence:the_silence_principal":1,"minecraft:player":3,"minecraft:creeper":1,"the_silence:la_cosa_real":1,"man:managgresive":1,"apollyon:the_damned":1,"skinwalker_overhaul:skinwalker_overhaul":1},"minecraft:picked_up":{"minecraft:crafting_table":2,"minecraft:wooden_pickaxe":2,"minecraft:gold_block":1,"minecraft:wither_rose":4,"minecraft:stone_brick_stairs":1,"iceandfire:armor_silver_metal_chestplate":1,"minecraft:string":5,"minecraft:raw_copper":88,"minecraft:iron_axe":1,"spartanshields:stone_tower_shield":1,"minecraft:deepslate_tiles":7,"farmersdelight:beef_patty":2,"minecraft:spruce_planks":656,"minecraft:beef":17,"minecraft:iron_pickaxe":1,"minecraft:birch_sapling":2,"minecraft:furnace":2,"minecraft:raw_iron":26,"minecraft:stick":10,"farmersdelight:minced_beef":68,"minecraft:torch":56,"minecraft:green_bed":1,"iceandfire:silver_ore":31,"iceandfire:rotten_egg":2,"iceandfire:silver_ingot":3,"minecraft:rotten_flesh":3,"minecraft:gold_ingot":11,"minecraft:cobblestone":240,"minecraft:birch_log":19,"minecraft:andesite":1,"minecraft:leather":7,"minecraft:birch_planks":4,"minecraft:oak_log":49,"farmersdelight:chicken_sandwich":14,"minecraft:dirt":46,"minecraft:bone":4,"minecraft:apple":2,"minecraft:iron_ingot":2,"minecraft:stone_pickaxe":1,"minecraft:oak_planks":36,"minecraft:pumpkin":2,"spartanshields:wooden_tower_shield":1,"minecraft:spruce_log":16,"minecraft:mossy_cobblestone":5,"iceandfire:dragonegg_red":1,"minecraft:slime_ball":2,"minecraft:stone_axe":2,"iceandfire:silver_sword":3,"minecraft:iron_helmet":1,"minecraft:oak_sapling":17,"minecraft:coal":79}},"DataVersion":3120}