{"stats":{"minecraft:crafted":{"minecraft:oak_planks":12,"minecraft:wooden_axe":1},"minecraft:used":{"minecraft:wooden_axe":7,"minecraft:oak_sapling":1},"minecraft:mined":{"minecraft:grass":1,"minecraft:grass_block":5,"minecraft:oak_log":17,"minecraft:birch_log":7,"minecraft:tall_grass":1,"minecraft:spruce_log":3,"minecraft:oak_leaves":3},"minecraft:killed_by":{"man:managgresive":1,"minecraft:creeper":1,"minecraft:player":1},"minecraft:picked_up":{"minecraft:birch_log":9,"minecraft:stick":6,"spartanshields:wooden_tower_shield":1,"minecraft:oak_log":8,"minecraft:spruce_log":3,"minecraft:oak_sapling":9,"minecraft:birch_sapling":2,"minecraft:dirt":17},"minecraft:custom":{"minecraft:time_since_rest":2842,"minecraft:damage_taken":971,"minecraft:crouch_one_cm":1183,"minecraft:play_time":27825,"minecraft:sprint_one_cm":22953,"minecraft:walk_one_cm":31110,"minecraft:deaths":3,"minecraft:sneak_time":453,"minecraft:jump":201,"minecraft:damage_dealt":205,"minecraft:leave_game":15,"minecraft:time_since_death":2818,"minecraft:total_world_time":27825,"minecraft:interact_with_crafting_table":1,"minecraft:fall_one_cm":8403,"minecraft:fly_one_cm":33207}},"DataVersion":3120}