{"stats":{"minecraft:custom":{"minecraft:mob_kills":14,"minecraft:interact_with_crafting_table":23,"minecraft:bell_ring":4,"minecraft:leave_game":1,"minecraft:time_since_death":600,"minecraft:climb_one_cm":1464,"minecraft:sprint_one_cm":157363,"minecraft:walk_one_cm":161388,"minecraft:damage_blocked_by_shield":45,"minecraft:drop":142,"minecraft:talked_to_villager":2,"minecraft:play_time":68239,"minecraft:deaths":5,"minecraft:sneak_time":500,"minecraft:walk_under_water_one_cm":22459,"minecraft:boat_one_cm":267955,"minecraft:jump":666,"minecraft:walk_on_water_one_cm":17209,"minecraft:total_world_time":68239,"minecraft:interact_with_furnace":7,"minecraft:sleep_in_bed":2,"minecraft:time_since_rest":659,"minecraft:damage_taken":2057,"minecraft:damage_dealt":3898,"minecraft:swim_one_cm":31832,"minecraft:fly_one_cm":124172,"minecraft:player_kills":1,"minecraft:open_chest":30,"minecraft:crouch_one_cm":2049,"minecraft:fish_caught":4,"minecraft:fall_one_cm":18847,"minecraft:horse_one_cm":9624},"minecraft:killed_by":{"mutationcraft:assimilated_wandering_trader":1,"mutationcraft:assimilated_enderman":4},"minecraft:killed":{"mutationcraft:assimilated_fox":1,"mutationcraft:assimilated_roamer":2,"mutationcraft:assimilated_spider":1,"minecraft:salmon":1,"minecraft:sheep":2,"naturalist:alligator":1,"mutationcraft:assimilated_horse":2,"mutationcraft:assimilated_pig":3,"mutationcraft:assimilated_wandering_trader":1,"minecraft:cow":2},"minecraft:picked_up":{"minecraft:wooden_axe":4,"minecraft:fishing_rod":1,"minecraft:crafting_table":5,"minecraft:coarse_dirt":4,"minecraft:wheat":9,"minecraft:wooden_pickaxe":4,"minecraft:potion":1,"minecraft:raw_copper":66,"minecraft:pufferfish":2,"minecraft:beef":10,"minecraft:player_head":1,"minecraft:iron_pickaxe":3,"minecraft:furnace":1,"minecraft:stick":32,"minecraft:raw_iron":11,"minecraft:oak_fence":1,"minecraft:torch":64,"minecraft:acacia_log":8,"iceandfire:silver_ore":4,"mutationcraft:putrid_claw":61,"minecraft:porkchop":2,"minecraft:stone_sword":8,"iceandfire:silver_ingot":12,"minecraft:rotten_flesh":13,"minecraft:hay_block":5,"minecraft:mutton":9,"mutationcraft:putrid_heart":6,"minecraft:cobblestone":277,"minecraft:cod":4,"minecraft:white_wool":12,"minecraft:birch_log":6,"minecraft:cooked_beef":12,"minecraft:salmon":3,"minecraft:leather":3,"minecraft:potato":3,"minecraft:birch_planks":11,"minecraft:oak_log":98,"minecraft:yellow_bed":1,"minecraft:dirt":4,"minecraft:cooked_mutton":2,"minecraft:bone":4,"mutationcraft:putrid_brain":2,"minecraft:acacia_planks":141,"minecraft:wheat_seeds":10,"minecraft:stone_pickaxe":6,"minecraft:iron_ingot":108,"minecraft:mossy_stone_bricks":2,"minecraft:oak_planks":33,"naturalist:reptile_hide":2,"minecraft:gravel":1,"minecraft:mossy_cobblestone":9,"minecraft:stone_axe":12,"minecraft:bread":30,"minecraft:coal":75},"minecraft:mined":{"iceandfire:silver_ore":4,"minecraft:mossy_cobblestone":3,"minecraft:glow_lichen":2,"minecraft:acacia_log":8,"minecraft:hay_block":5,"minecraft:iron_ore":9,"minecraft:potatoes":1,"minecraft:stone":70,"minecraft:acacia_leaves":1,"minecraft:oak_fence":1,"minecraft:crafting_table":1,"minecraft:tall_grass":13,"minecraft:copper_ore":7,"minecraft:cobblestone":10,"minecraft:oak_planks":5,"minecraft:wall_torch":2,"minecraft:coarse_dirt":2,"minecraft:birch_log":6,"minecraft:wheat":2,"minecraft:yellow_bed":1,"minecraft:grass":40,"minecraft:oak_log":7,"minecraft:coal_ore":23,"minecraft:gravel":1,"minecraft:mossy_stone_bricks":1},"minecraft:crafted":{"minecraft:oak_planks":100,"minecraft:furnace":1,"minecraft:iron_boots":1,"minecraft:stone_pickaxe":2,"minecraft:chest":2,"minecraft:wheat":45,"iceandfire:silver_axe":1,"minecraft:cooked_beef":4,"iceandfire:silver_ingot":4,"minecraft:crafting_table":3,"minecraft:wooden_pickaxe":2,"minecraft:iron_helmet":1,"minecraft:birch_planks":24,"minecraft:stone_axe":2,"minecraft:bread":18,"minecraft:air":0,"minecraft:iron_chestplate":1,"minecraft:shield":1,"minecraft:stick":24,"minecraft:iron_ingot":9,"minecraft:iron_pickaxe":1,"minecraft:iron_leggings":1},"minecraft:used":{"minecraft:stone_sword":80,"minecraft:acacia_log":2,"minecraft:chest":2,"minecraft:shield":1,"minecraft:player_head":1,"minecraft:torch":14,"minecraft:furnace":1,"minecraft:potato":3,"minecraft:wheat_seeds":5,"minecraft:stone_pickaxe":35,"minecraft:oak_planks":32,"minecraft:wooden_pickaxe":11,"minecraft:salmon":1,"minecraft:crafting_table":4,"iceandfire:silver_axe":32,"minecraft:bread":4,"minecraft:iron_pickaxe":86,"minecraft:stone_axe":94,"minecraft:fishing_rod":5,"minecraft:cobblestone":11,"minecraft:yellow_bed":1,"minecraft:coarse_dirt":1},"minecraft:dropped":{"minecraft:porkchop":1,"minecraft:crafting_table":1,"minecraft:cobblestone":21,"minecraft:coal":18,"minecraft:cod":2,"minecraft:stick":10,"minecraft:pufferfish":2,"minecraft:torch":8,"minecraft:mutton":7,"minecraft:wooden_axe":1,"minecraft:potion":1,"minecraft:fishing_rod":1,"minecraft:white_wool":10,"minecraft:acacia_planks":116,"minecraft:bone":2,"minecraft:furnace":1,"minecraft:stone_axe":3,"minecraft:coarse_dirt":2,"minecraft:stone_sword":2,"minecraft:raw_iron":2,"minecraft:rotten_flesh":7,"minecraft:oak_planks":2,"minecraft:cooked_mutton":2,"minecraft:salmon":1,"minecraft:mossy_stone_bricks":1,"minecraft:stone_pickaxe":1,"minecraft:wooden_pickaxe":4,"mutationcraft:putrid_brain":2}},"DataVersion":3120}