{"stats":{"minecraft:custom":{"minecraft:time_since_rest":1722,"minecraft:crouch_one_cm":457,"minecraft:damage_taken":330,"minecraft:sprint_one_cm":20023,"minecraft:play_time":7160,"minecraft:deaths":1,"minecraft:walk_one_cm":18478,"minecraft:sneak_time":130,"minecraft:mob_kills":1,"minecraft:drop":1,"minecraft:jump":92,"minecraft:damage_dealt":134,"minecraft:leave_game":7,"minecraft:time_since_death":1667,"minecraft:total_world_time":7160,"minecraft:fall_one_cm":2483,"minecraft:fly_one_cm":13509},"minecraft:dropped":{"minecraft:iron_axe":1},"minecraft:picked_up":{"minecraft:iron_axe":2,"minecraft:stick":6,"minecraft:apple":1,"minecraft:birch_planks":16,"minecraft:porkchop":2,"minecraft:oak_log":15,"minecraft:oak_sapling":3,"minecraft:dirt":6},"minecraft:mined":{"minecraft:grass_block":6,"minecraft:oak_log":26,"minecraft:oak_leaves":4},"minecraft:killed_by":{"minecraft:zombie":1},"minecraft:killed":{"minecraft:pig":1},"minecraft:used":{"minecraft:iron_axe":4}},"DataVersion":3120}