{"stats":{"minecraft:custom":{"minecraft:interact_with_furnace":2,"minecraft:mob_kills":9,"minecraft:interact_with_crafting_table":8,"minecraft:bell_ring":4,"minecraft:leave_game":1,"minecraft:time_since_death":24371,"minecraft:sleep_in_bed":2,"minecraft:climb_one_cm":1464,"minecraft:time_since_rest":3943,"minecraft:sprint_one_cm":101969,"minecraft:damage_taken":600,"minecraft:walk_one_cm":91365,"minecraft:drop":140,"minecraft:damage_dealt":2130,"minecraft:swim_one_cm":15820,"minecraft:talked_to_villager":1,"minecraft:fly_one_cm":80784,"minecraft:player_kills":1,"minecraft:open_chest":15,"minecraft:crouch_one_cm":1292,"minecraft:play_time":38113,"minecraft:deaths":1,"minecraft:sneak_time":404,"minecraft:walk_under_water_one_cm":13098,"minecraft:boat_one_cm":267955,"minecraft:jump":419,"minecraft:walk_on_water_one_cm":10508,"minecraft:total_world_time":38113,"minecraft:fish_caught":4,"minecraft:fall_one_cm":10267,"minecraft:horse_one_cm":9624},"minecraft:killed_by":{"mutationcraft:assimilated_wandering_trader":1},"minecraft:killed":{"minecraft:salmon":1,"minecraft:sheep":2,"naturalist:alligator":1,"mutationcraft:assimilated_horse":1,"mutationcraft:assimilated_roamer":1,"mutationcraft:assimilated_fox":1,"mutationcraft:assimilated_wandering_trader":1,"minecraft:cow":2},"minecraft:picked_up":{"minecraft:wooden_axe":2,"minecraft:birch_log":6,"minecraft:fishing_rod":1,"minecraft:crafting_table":3,"minecraft:wheat":9,"minecraft:salmon":3,"minecraft:leather":3,"minecraft:wooden_pickaxe":4,"minecraft:birch_planks":9,"minecraft:potion":1,"minecraft:oak_log":4,"minecraft:yellow_bed":1,"minecraft:dirt":1,"minecraft:cooked_mutton":2,"minecraft:pufferfish":2,"minecraft:bone":4,"mutationcraft:putrid_brain":2,"minecraft:acacia_planks":141,"minecraft:iron_ingot":3,"minecraft:beef":6,"minecraft:stone_pickaxe":3,"minecraft:mossy_stone_bricks":2,"minecraft:oak_planks":2,"minecraft:furnace":1,"naturalist:reptile_hide":2,"minecraft:stick":8,"minecraft:raw_iron":2,"minecraft:oak_fence":1,"minecraft:torch":34,"minecraft:acacia_log":8,"mutationcraft:putrid_claw":38,"minecraft:gravel":1,"minecraft:porkchop":2,"minecraft:stone_sword":4,"minecraft:rotten_flesh":7,"minecraft:stone_axe":4,"minecraft:hay_block":5,"minecraft:mutton":9,"mutationcraft:putrid_heart":6,"minecraft:coal":18,"minecraft:cod":4,"minecraft:white_wool":12,"minecraft:cobblestone":67},"minecraft:mined":{"minecraft:acacia_leaves":1,"minecraft:oak_fence":1,"minecraft:crafting_table":1,"minecraft:acacia_log":8,"minecraft:tall_grass":5,"minecraft:hay_block":5,"minecraft:birch_log":6,"minecraft:yellow_bed":1,"minecraft:grass":11,"minecraft:oak_log":3,"minecraft:gravel":1,"minecraft:stone":37,"minecraft:mossy_stone_bricks":1},"minecraft:crafted":{"minecraft:crafting_table":3,"minecraft:wooden_pickaxe":1,"minecraft:furnace":1,"minecraft:birch_planks":24,"minecraft:stone_axe":2,"minecraft:bread":3,"minecraft:stick":12,"minecraft:iron_pickaxe":1,"minecraft:stone_pickaxe":1,"minecraft:chest":2},"minecraft:used":{"minecraft:stone_sword":56,"minecraft:acacia_log":2,"minecraft:stone_pickaxe":31,"minecraft:chest":2,"minecraft:wooden_pickaxe":8,"minecraft:salmon":1,"minecraft:torch":14,"minecraft:crafting_table":4,"minecraft:bread":1,"minecraft:stone_axe":62,"minecraft:fishing_rod":5,"minecraft:furnace":1,"minecraft:yellow_bed":1},"minecraft:dropped":{"minecraft:furnace":1,"minecraft:stone_axe":3,"minecraft:porkchop":1,"minecraft:stone_sword":2,"minecraft:crafting_table":1,"minecraft:raw_iron":2,"minecraft:cobblestone":21,"minecraft:rotten_flesh":7,"minecraft:oak_planks":2,"minecraft:cooked_mutton":2,"minecraft:salmon":1,"minecraft:coal":18,"minecraft:cod":2,"minecraft:stick":10,"minecraft:pufferfish":2,"minecraft:torch":8,"minecraft:mutton":7,"minecraft:wooden_axe":1,"minecraft:mossy_stone_bricks":1,"minecraft:potion":1,"minecraft:stone_pickaxe":1,"minecraft:wooden_pickaxe":4,"mutationcraft:putrid_brain":2,"minecraft:fishing_rod":1,"minecraft:white_wool":10,"minecraft:acacia_planks":116,"minecraft:bone":2}},"DataVersion":3120}