{"stats":{"minecraft:dropped":{"minecraft:iron_ingot":87,"minecraft:player_head":1,"minecraft:stone_sword":1,"minecraft:oak_planks":4,"minecraft:stick":8,"minecraft:spruce_leaves":2,"minecraft:dirt":1,"minecraft:wooden_axe":1,"minecraft:sand":2,"minecraft:wooden_pickaxe":2},"minecraft:mined":{"minecraft:glass_pane":1,"iceandfire:silver_ore":1,"minecraft:mossy_cobblestone":4,"minecraft:oak_fence":1,"minecraft:acacia_log":4,"minecraft:grass_block":1,"minecraft:tall_grass":22,"minecraft:cobblestone":6,"minecraft:lapis_ore":1,"minecraft:blue_bed":2,"minecraft:hay_block":9,"minecraft:carrots":1,"minecraft:iron_ore":46,"minecraft:grass":28,"minecraft:coal_ore":3,"minecraft:deepslate_iron_ore":10,"minecraft:gravel":2,"minecraft:dirt":2,"minecraft:stripped_oak_log":4,"minecraft:stone":86,"minecraft:gold_ore":4,"minecraft:deepslate":11},"minecraft:broken":{"minecraft:stone_pickaxe":1},"minecraft:crafted":{"minecraft:oak_planks":36,"minecraft:crafting_table":3,"minecraft:iron_helmet":1,"minecraft:iron_sword":1,"minecraft:furnace":4,"minecraft:bread":18,"minecraft:air":0,"minecraft:iron_boots":1,"minecraft:iron_chestplate":1,"minecraft:shield":1,"minecraft:stick":8,"minecraft:iron_ingot":53,"minecraft:iron_pickaxe":1,"minecraft:stone_pickaxe":1,"minecraft:iron_leggings":1,"minecraft:acacia_planks":256,"minecraft:torch":4,"minecraft:wheat":54},"minecraft:custom":{"minecraft:interact_with_furnace":24,"minecraft:mob_kills":42,"minecraft:interact_with_crafting_table":16,"minecraft:leave_game":3,"minecraft:time_since_death":2483,"minecraft:sleep_in_bed":6,"minecraft:climb_one_cm":442,"minecraft:time_since_rest":1044,"minecraft:sprint_one_cm":251991,"minecraft:damage_taken":4966,"minecraft:walk_one_cm":192631,"minecraft:damage_blocked_by_shield":985,"minecraft:drop":40,"minecraft:damage_dealt":13777,"minecraft:swim_one_cm":17208,"minecraft:fly_one_cm":634164,"minecraft:open_chest":4,"minecraft:crouch_one_cm":6472,"minecraft:play_time":113056,"minecraft:deaths":13,"minecraft:sneak_time":2931,"minecraft:walk_under_water_one_cm":11428,"minecraft:boat_one_cm":168375,"minecraft:jump":1816,"minecraft:walk_on_water_one_cm":15323,"minecraft:fish_caught":2,"minecraft:total_world_time":113056,"minecraft:fall_one_cm":42072,"minecraft:horse_one_cm":136942},"minecraft:killed_by":{"iceandfire:cyclops":1,"minecraft:creeper":2,"the_one_who_watches:toww_running":1,"the_silence:asucwacho":1},"minecraft:used":{"minecraft:cooked_mutton":1,"minecraft:netherite_sword":21,"minecraft:stone_sword":32,"minecraft:stone_pickaxe":131,"minecraft:shield":27,"minecraft:iron_sword":150,"minecraft:zombie_spawn_egg":1,"minecraft:blue_bed":3,"minecraft:horse_spawn_egg":1,"minecraft:rotten_flesh":2,"minecraft:torch":10,"minecraft:dirt":3,"minecraft:crafting_table":3,"minecraft:cod":1,"minecraft:wooden_axe":4,"minecraft:bread":16,"minecraft:iron_pickaxe":46,"minecraft:gravel":3,"minecraft:pufferfish":1,"minecraft:stone_axe":63,"minecraft:fishing_rod":8,"minecraft:cobblestone":48,"minecraft:bow":8,"minecraft:furnace":4,"minecraft:acacia_planks":19},"minecraft:killed":{"minecraft:spider":1,"minecraft:skeleton":2,"minecraft:zombie":5},"minecraft:picked_up":{"minecraft:stripped_oak_log":4,"minecraft:fishing_rod":2,"minecraft:spruce_leaves":2,"minecraft:crafting_table":1,"minecraft:wheat":3,"minecraft:leather":1,"minecraft:wooden_pickaxe":2,"minecraft:red_mushroom":1,"minecraft:potion":1,"minecraft:oak_log":1,"minecraft:dirt":8,"minecraft:lapis_lazuli":5,"minecraft:blue_bed":2,"minecraft:string":2,"minecraft:cooked_mutton":3,"minecraft:pufferfish":2,"minecraft:bone":4,"minecraft:acacia_planks":287,"minecraft:wheat_seeds":15,"minecraft:cobbled_deepslate":8,"minecraft:raw_gold":4,"minecraft:player_head":1,"minecraft:oak_planks":43,"minecraft:egg":1,"minecraft:stick":32,"minecraft:raw_iron":56,"minecraft:oak_fence":2,"minecraft:torch":3,"minecraft:acacia_log":4,"iceandfire:silver_ore":1,"minecraft:gravel":4,"minecraft:sand":1,"minecraft:ink_sac":3,"minecraft:white_bed":1,"minecraft:carrot":3,"minecraft:mossy_cobblestone":4,"minecraft:arrow":1,"minecraft:stone_sword":4,"minecraft:rotten_flesh":5,"minecraft:stone_axe":3,"minecraft:hay_block":9,"minecraft:oak_sapling":9,"minecraft:cod":1,"minecraft:coal":3,"minecraft:cobblestone":94,"minecraft:wooden_axe":1}},"DataVersion":3120}