{"stats":{"minecraft:dropped":{"minecraft:sand":2,"minecraft:spruce_leaves":2},"minecraft:custom":{"minecraft:jump":69,"minecraft:time_since_rest":10792,"minecraft:damage_dealt":179,"minecraft:crouch_one_cm":423,"minecraft:leave_game":1,"minecraft:sprint_one_cm":5165,"minecraft:play_time":10792,"minecraft:time_since_death":10792,"minecraft:walk_one_cm":6604,"minecraft:sneak_time":290,"minecraft:total_world_time":10792,"minecraft:mob_kills":1,"minecraft:drop":4,"minecraft:fly_one_cm":208707},"minecraft:picked_up":{"minecraft:spruce_leaves":2,"minecraft:sand":1,"minecraft:rotten_flesh":1},"minecraft:killed":{"minecraft:zombie":1},"minecraft:used":{"minecraft:stone_sword":4,"minecraft:zombie_spawn_egg":1}},"DataVersion":3120}