{"stats":{"minecraft:custom":{"minecraft:interact_with_furnace":1,"minecraft:mob_kills":23,"minecraft:interact_with_crafting_table":4,"minecraft:leave_game":1,"minecraft:time_since_death":1538,"minecraft:sleep_in_bed":2,"minecraft:time_since_rest":1568,"minecraft:sprint_one_cm":152322,"minecraft:damage_taken":3635,"minecraft:walk_one_cm":111213,"minecraft:drop":15,"minecraft:damage_dealt":6563,"minecraft:swim_one_cm":15232,"minecraft:fly_one_cm":494822,"minecraft:open_chest":2,"minecraft:crouch_one_cm":4977,"minecraft:play_time":76447,"minecraft:deaths":12,"minecraft:sneak_time":1719,"minecraft:walk_under_water_one_cm":8098,"minecraft:boat_one_cm":168375,"minecraft:jump":1172,"minecraft:walk_on_water_one_cm":12038,"minecraft:total_world_time":76447,"minecraft:fish_caught":2,"minecraft:fall_one_cm":28501,"minecraft:horse_one_cm":136942},"minecraft:killed_by":{"mutationcraft:assimilated_human":1,"iceandfire:cyclops":1,"mutationcraft:the_intoxicator":1,"mutationcraft:necroptor":2,"minecraft:creeper":2,"the_one_who_watches:toww_running":1,"mutationcraft:assimilated_fox":1,"mutationcraft:assimilated_wandering_trader":1,"mutationcraft:developed_roamer":1,"mutationcraft:assimilated_sheep":1},"minecraft:killed":{"mutationcraft:assimilated_donkey":1,"mutationcraft:assimilated_spider":1,"mutationcraft:hazmat_medic":1,"mutationcraft:medium_hook":1,"mutationcraft:miter":1,"mutationcraft:reductor":1,"mutationcraft:hazmat_flamethrower":1,"minecraft:skeleton":1,"mutationcraft:necroptor":2,"minecraft:zombie":1,"mutationcraft:assimilated_human":1,"mutationcraft:assimilated_bear":1,"mutationcraft:assimilated_fox":1,"mutationcraft:assimilated_roamer":4,"mutationcraft:assimilated_wolf":1,"mutationcraft:assimilated_pillager":1},"minecraft:picked_up":{"minecraft:wooden_axe":1,"minecraft:stripped_oak_log":3,"minecraft:spruce_leaves":2,"minecraft:fishing_rod":2,"minecraft:crafting_table":1,"minecraft:wheat":3,"minecraft:wooden_pickaxe":2,"minecraft:red_mushroom":1,"minecraft:potion":1,"mutationcraft:necroptor_bomb":1,"minecraft:dirt":1,"minecraft:cooked_mutton":3,"minecraft:pufferfish":2,"minecraft:bone":2,"mutationcraft:putrid_brain":1,"minecraft:acacia_planks":287,"minecraft:wheat_seeds":8,"minecraft:oak_planks":42,"minecraft:egg":1,"minecraft:stick":32,"minecraft:oak_fence":2,"mutationcraft:putrid_block":1,"minecraft:acacia_log":4,"minecraft:gravel":4,"mutationcraft:putrid_claw":25,"minecraft:sand":1,"minecraft:white_bed":1,"minecraft:carrot":1,"minecraft:stone_sword":4,"minecraft:rotten_flesh":2,"minecraft:stone_axe":3,"minecraft:hay_block":9,"minecraft:oak_sapling":9,"minecraft:cod":1,"minecraft:cobblestone":5},"minecraft:mined":{"minecraft:glass_pane":1,"minecraft:oak_fence":1,"minecraft:acacia_log":4,"minecraft:tall_grass":9,"minecraft:hay_block":9,"minecraft:carrots":1,"minecraft:grass":13,"minecraft:gravel":2,"minecraft:stripped_oak_log":3},"minecraft:crafted":{"minecraft:crafting_table":1,"minecraft:acacia_planks":256,"minecraft:wheat":54},"minecraft:used":{"minecraft:cooked_mutton":1,"minecraft:netherite_sword":21,"minecraft:stone_sword":32,"minecraft:zombie_spawn_egg":1,"minecraft:horse_spawn_egg":1,"minecraft:rotten_flesh":2,"minecraft:crafting_table":1,"minecraft:cod":1,"minecraft:wooden_axe":4,"mutationcraft:medium_hook_spawn_egg":1,"minecraft:gravel":3,"minecraft:pufferfish":1,"minecraft:stone_axe":63,"minecraft:fishing_rod":8,"minecraft:acacia_planks":19},"minecraft:dropped":{"minecraft:stone_sword":1,"minecraft:oak_planks":4,"minecraft:stick":8,"minecraft:spruce_leaves":2,"minecraft:dirt":1,"minecraft:wooden_axe":1,"minecraft:sand":2,"minecraft:wooden_pickaxe":2,"mutationcraft:putrid_brain":1,"mutationcraft:putrid_claw":4}},"DataVersion":3120}