{"stats":{"minecraft:mined":{"minecraft:grass":2,"minecraft:grass_block":2,"minecraft:fire":33,"minecraft:mossy_stone_bricks":1},"minecraft:used":{"minecraft:redstone_torch":26,"minecraft:netherrack":22,"minecraft:mossy_stone_bricks":1,"minecraft:mossy_cobblestone":1,"minecraft:diamond_pickaxe":1,"minecraft:flint_and_steel":58,"minecraft:gold_block":61},"minecraft:killed_by":{"apollyon:the_damned":3,"minecraft:zombie":1},"minecraft:killed":{"naturalist:firefly":1},"minecraft:dropped":{"minecraft:dirt":3},"minecraft:custom":{"minecraft:time_since_rest":5951,"minecraft:deaths":4,"minecraft:crouch_one_cm":663,"minecraft:play_time":26787,"minecraft:sprint_one_cm":38714,"minecraft:damage_taken":1070,"minecraft:walk_one_cm":18259,"minecraft:sneak_time":384,"minecraft:mob_kills":1,"minecraft:drop":3,"minecraft:jump":215,"minecraft:damage_dealt":129,"minecraft:leave_game":1,"minecraft:walk_on_water_one_cm":1019,"minecraft:time_since_death":5925,"minecraft:total_world_time":26787,"minecraft:fall_one_cm":5868,"minecraft:fly_one_cm":94686},"minecraft:picked_up":{"naturalist:glow_goop":1,"minecraft:redstone_torch":9,"minecraft:mossy_stone_bricks":1,"minecraft:dirt":3}},"DataVersion":3120}