{"stats":{"minecraft:crafted":{"minecraft:oak_planks":4,"minecraft:birch_planks":16},"minecraft:used":{"minecraft:mossy_stone_bricks":1,"minecraft:netherite_sword":84,"farmersdelight:skillet":3,"minecraft:flint_and_steel":101,"farmersdelight:stove":4,"farmingforblockheads:market":1,"vtaw_mw:diamond_katana":2,"minecraft:netherrack":41,"minecraft:oak_leaves":11,"minecraft:torch":24,"minecraft:golden_apple":6,"minecraft:mossy_cobblestone":1,"vtaw_mw:diamond_dagger":7,"minecraft:redstone_torch":32,"minecraft:diamond_pickaxe":1,"minecraft:apple":1,"minecraft:iron_axe":21,"minecraft:gold_block":78,"minecraft:wither_rose":6,"minecraft:egg":3,"vtaw_mw:netherite_greatsword":3,"farmersdelight:fried_egg":1},"minecraft:mined":{"minecraft:grass_block":3,"minecraft:spruce_leaves":1,"minecraft:coarse_dirt":1,"minecraft:birch_log":9,"minecraft:fire":55,"minecraft:spruce_log":39,"minecraft:grass":8,"minecraft:oak_log":44,"minecraft:dirt":2,"minecraft:mossy_stone_bricks":1,"minecraft:oak_leaves":17},"minecraft:dropped":{"minecraft:wheat_seeds":1,"minecraft:dirt":3,"spartanshields:wooden_tower_shield":4,"minecraft:oak_sapling":2,"minecraft:iron_axe":2},"minecraft:killed_by":{"man:managgresive":2,"the_silence:the_silence_principal":1,"apollyon:the_damned":4,"skinwalker_overhaul:skinwalker_overhaul":1,"minecraft:zombie":3,"apollyon:the_infector":1},"minecraft:picked_up":{"minecraft:birch_log":5,"minecraft:coarse_dirt":1,"minecraft:birch_planks":16,"minecraft:wither_rose":2,"minecraft:oak_log":57,"minecraft:dirt":5,"minecraft:iron_axe":2,"naturalist:glow_goop":1,"minecraft:apple":3,"minecraft:wheat_seeds":1,"minecraft:gold_nugget":1,"minecraft:redstone_torch":15,"minecraft:mossy_stone_bricks":1,"minecraft:birch_sapling":3,"minecraft:egg":26,"minecraft:stick":36,"farmersdelight:minced_beef":8,"spartanshields:wooden_tower_shield":1,"minecraft:porkchop":2,"minecraft:spruce_sapling":10,"minecraft:spruce_log":21,"farmersdelight:fried_egg":9,"minecraft:rotten_flesh":6,"minecraft:oak_sapling":19},"minecraft:custom":{"minecraft:mob_kills":11,"minecraft:leave_game":12,"minecraft:time_since_death":45265,"minecraft:climb_one_cm":288,"minecraft:time_since_rest":45295,"minecraft:sprint_one_cm":175682,"minecraft:walk_one_cm":110244,"minecraft:damage_taken":3685,"minecraft:damage_absorbed":136,"minecraft:drop":12,"minecraft:damage_dealt":10417,"minecraft:swim_one_cm":4771,"minecraft:fly_one_cm":609468,"minecraft:player_kills":4,"minecraft:crouch_one_cm":3918,"minecraft:play_time":168819,"minecraft:deaths":12,"minecraft:sneak_time":1628,"minecraft:walk_under_water_one_cm":1425,"minecraft:jump":1465,"minecraft:walk_on_water_one_cm":1810,"minecraft:total_world_time":168819,"minecraft:fall_one_cm":34583},"minecraft:killed":{"minecraft:zombified_piglin":1,"naturalist:firefly":1,"man:managgresive":1,"naturalist:snail":1,"minecraft:skeleton":1,"minecraft:zombie":2,"apollyon:the_damned":3}},"DataVersion":3120}