{"stats":{"minecraft:custom":{"minecraft:time_since_rest":5191,"minecraft:sprint_one_cm":114186,"minecraft:damage_taken":2650,"minecraft:walk_one_cm":60439,"minecraft:mob_kills":2,"minecraft:drop":12,"minecraft:damage_dealt":1723,"minecraft:fly_one_cm":326464,"minecraft:player_kills":4,"minecraft:crouch_one_cm":3213,"minecraft:play_time":84662,"minecraft:deaths":10,"minecraft:sneak_time":1187,"minecraft:jump":954,"minecraft:leave_game":2,"minecraft:walk_on_water_one_cm":1506,"minecraft:time_since_death":5160,"minecraft:total_world_time":84662,"minecraft:climb_one_cm":288,"minecraft:fall_one_cm":24780},"minecraft:dropped":{"minecraft:dirt":3,"minecraft:wheat_seeds":1,"spartanshields:wooden_tower_shield":4,"minecraft:oak_sapling":2,"minecraft:iron_axe":2},"minecraft:picked_up":{"minecraft:birch_log":5,"minecraft:stick":23,"minecraft:birch_planks":16,"spartanshields:wooden_tower_shield":1,"minecraft:porkchop":2,"minecraft:oak_log":57,"minecraft:dirt":5,"minecraft:iron_axe":2,"naturalist:glow_goop":1,"minecraft:rotten_flesh":3,"minecraft:apple":3,"minecraft:wheat_seeds":1,"minecraft:redstone_torch":12,"minecraft:mossy_stone_bricks":1,"minecraft:oak_sapling":19,"minecraft:birch_sapling":3},"minecraft:mined":{"minecraft:birch_log":9,"minecraft:fire":55,"minecraft:grass":8,"minecraft:grass_block":3,"minecraft:oak_log":44,"minecraft:dirt":2,"minecraft:mossy_stone_bricks":1,"minecraft:oak_leaves":17},"minecraft:killed_by":{"man:managgresive":2,"the_silence:the_silence_principal":1,"apollyon:the_damned":4,"minecraft:zombie":3},"minecraft:killed":{"minecraft:zombie":1,"naturalist:firefly":1},"minecraft:used":{"minecraft:redstone_torch":27,"minecraft:mossy_stone_bricks":1,"minecraft:diamond_pickaxe":1,"minecraft:apple":1,"minecraft:flint_and_steel":99,"minecraft:iron_axe":20,"farmingforblockheads:market":1,"vtaw_mw:diamond_katana":2,"minecraft:netherrack":38,"minecraft:oak_leaves":11,"minecraft:mossy_cobblestone":1,"minecraft:gold_block":67,"vtaw_mw:diamond_dagger":7},"minecraft:crafted":{"minecraft:oak_planks":4,"minecraft:birch_planks":16}},"DataVersion":3120}