{"stats":{"minecraft:broken":{"spartanshields:iron_basic_shield":1,"minecraft:iron_pickaxe":1},"minecraft:killed":{"minecraft:zombified_piglin":1,"naturalist:snail":1,"minecraft:skeleton":2,"man:managgresive":1,"naturalist:firefly":1,"iceandfire:cockatrice":2,"minecraft:zombie":4,"apollyon:the_damned":5},"minecraft:killed_by":{"the_silence:the_silence_principal":1,"minecraft:player":6,"minecraft:spider":1,"apollyon:the_infector":1,"man:managgresive":4,"apollyon:the_damned":4,"mimic_dweller:mimic_dweller":2,"skinwalker_overhaul:skinwalker_overhaul":3,"simon_12:simon_12":1,"minecraft:zombie":3},"minecraft:dropped":{"minecraft:iron_ingot":21,"minecraft:birch_planks":27,"minecraft:wheat_seeds":1,"minecraft:glow_ink_sac":2,"minecraft:tnt":62,"minecraft:mossy_cobblestone":2,"minecraft:iron_helmet":1,"minecraft:glow_berries":2,"minecraft:coal":1,"minecraft:stick":6,"minecraft:dirt":59,"minecraft:torch":22,"iceandfire:dragonegg_red":1,"spartanshields:wooden_tower_shield":4,"minecraft:dark_oak_wood":12,"iceandfire:silver_sword":1,"minecraft:wooden_axe":1,"farmersdelight:rice_bag":2,"minecraft:wither_rose":1,"minecraft:iron_axe":3,"minecraft:birch_log":14,"minecraft:gravel":4,"minecraft:raw_iron":6,"minecraft:rotten_flesh":6,"minecraft:oak_planks":38,"iceandfire:silver_ore":1,"farmersdelight:chicken_sandwich":26,"minecraft:flint_and_steel":1,"iceandfire:rotten_egg":2,"minecraft:spruce_planks":5417,"minecraft:andesite":3,"iceandfire:silver_ingot":3,"minecraft:oak_sapling":3,"minecraft:beef":1,"minecraft:wooden_pickaxe":3,"minecraft:stone_pickaxe":1,"vtaw_mw:iron_katana":1,"farmersdelight:tomato":2},"minecraft:crafted":{"minecraft:oak_planks":112,"minecraft:stone_shovel":1,"minecraft:dark_oak_wood":48,"minecraft:furnace":16,"vtaw_mw:iron_greataxe":1,"minecraft:iron_boots":1,"minecraft:iron_axe":1,"minecraft:spruce_slab":24,"minecraft:stone_pickaxe":1,"farmersdelight:rice":9,"minecraft:spruce_boat":1,"minecraft:bricks":15,"farmersdelight:stove":2,"cfm:oak_cabinet":12,"iceandfire:silver_ingot":5,"minecraft:crafting_table":4,"minecraft:spruce_planks":88,"vtaw_mw:iron_battleaxe":1,"minecraft:wooden_pickaxe":1,"minecraft:iron_helmet":1,"minecraft:spruce_door":3,"minecraft:birch_planks":24,"minecraft:campfire":2,"farmersdelight:spruce_cabinet":4,"minecraft:stone_axe":1,"farmersdelight:skillet":1,"farmersdelight:beef_patty":20,"minecraft:air":0,"minecraft:spruce_trapdoor":8,"minecraft:iron_chestplate":1,"vtaw_mw:iron_katana":1,"minecraft:stick":52,"minecraft:iron_pickaxe":2,"minecraft:iron_ingot":30,"minecraft:iron_block":3,"minecraft:stone_sword":1,"minecraft:iron_leggings":1,"minecraft:anvil":1,"minecraft:torch":128,"vtaw_mw:iron_greatsword":1,"iceandfire:silver_sword":1,"minecraft:brick":60},"minecraft:mined":{"farmersdelight:rice_bag":1,"minecraft:spruce_planks":29,"minecraft:oak_sapling":5,"iceandfire:silver_ore":3,"minecraft:mossy_cobblestone":3,"minecraft:dark_oak_log":1,"minecraft:grass_block":20,"minecraft:spruce_leaves":1,"minecraft:furnace":4,"minecraft:iron_ore":42,"minecraft:fire":64,"minecraft:andesite":3,"minecraft:dirt_path":4,"minecraft:stone":769,"minecraft:green_bed":1,"minecraft:clay":15,"minecraft:crafting_table":2,"minecraft:torch":4,"minecraft:dark_oak_wood":3,"minecraft:copper_ore":7,"minecraft:cobblestone":13,"minecraft:oak_planks":42,"minecraft:wall_torch":26,"minecraft:birch_planks":8,"minecraft:coarse_dirt":1,"minecraft:birch_log":18,"minecraft:spruce_log":42,"minecraft:birch_leaves":2,"minecraft:tnt":1,"minecraft:wither_rose":2,"minecraft:grass":8,"minecraft:oak_log":63,"minecraft:coal_ore":46,"minecraft:gravel":1,"minecraft:dirt":123,"farmersdelight:stove":1,"minecraft:mossy_stone_bricks":1,"minecraft:oak_leaves":30},"minecraft:custom":{"minecraft:interact_with_anvil":2,"minecraft:mob_kills":18,"minecraft:interact_with_crafting_table":37,"minecraft:open_barrel":10,"minecraft:leave_game":15,"minecraft:time_since_death":13736,"minecraft:climb_one_cm":888,"minecraft:sprint_one_cm":430661,"minecraft:walk_one_cm":578238,"minecraft:damage_blocked_by_shield":5875,"minecraft:drop":213,"minecraft:play_time":412742,"minecraft:deaths":27,"minecraft:sneak_time":8269,"minecraft:walk_under_water_one_cm":31506,"minecraft:boat_one_cm":158049,"minecraft:jump":3028,"minecraft:walk_on_water_one_cm":29672,"minecraft:total_world_time":412742,"minecraft:interact_with_furnace":54,"spartanshields:shield_bash_hits":17,"minecraft:sleep_in_bed":2,"minecraft:time_since_rest":13782,"minecraft:damage_taken":9738,"minecraft:damage_absorbed":136,"minecraft:damage_dealt":21487,"minecraft:swim_one_cm":26617,"minecraft:fly_one_cm":861813,"minecraft:player_kills":14,"minecraft:open_chest":17,"minecraft:crouch_one_cm":16657,"minecraft:fall_one_cm":60817},"minecraft:used":{"apollyon:the_infector_spawn_egg":1,"apollyon:the_damned_spawn_egg":4,"mimic_dweller:mimic_dweller_spawn_egg":1,"farmersdelight:onion_crate":1,"vtaw_mw:iron_katana":21,"minecraft:netherite_sword":84,"iceandfire:silver_sword":16,"minecraft:stone_sword":20,"minecraft:flint_and_steel":123,"the_silence:tele":1,"minecraft:stone_shovel":102,"farmersdelight:cabbage_seeds":9,"minecraft:spruce_planks":375,"farmersdelight:stove":14,"farmingforblockheads:market":1,"minecraft:iron_sword":32,"farmersdelight:rice_bag":6,"minecraft:rotten_flesh":2,"minecraft:netherrack":41,"minecraft:debug_stick":10,"minecraft:torch":169,"minecraft:dirt":60,"minecraft:anvil":1,"farmersdelight:carrot_crate":1,"farmersdelight:rope":3,"vtaw_mw:diamond_dagger":7,"farmersdelight:beef_patty":1,"minecraft:spruce_boat":1,"cfm:flowering_azalea_hedge":12,"vtaw_mw:iron_greatsword":20,"minecraft:iron_axe":176,"cfm:jungle_kitchen_sink_light":1,"minecraft:chicken_spawn_egg":1,"minecraft:dark_oak_wood":15,"vtaw_mw:iron_battleaxe":7,"naturalist:butterfly":4,"farmersdelight:cabbage_crate":1,"farmersdelight:cutting_board":4,"mowziesmobs:earthbore_gauntlet":1,"spartanshields:iron_basic_shield":78,"minecraft:iron_trapdoor":14,"minecraft:oak_sapling":7,"minecraft:furnace":12,"farmersdelight:safety_net":9,"farmersdelight:cooking_pot":2,"naturalist:teddy_bear":1,"minecraft:gold_block":78,"minecraft:egg":3,"farmingforblockheads:feeding_trough":1,"farmersdelight:tomato_seeds":11,"farmersdelight:potato_crate":1,"farmersdelight:fried_egg":1,"minecraft:mossy_stone_bricks":1,"minecraft:spruce_door":2,"farmersdelight:skillet":8,"farmersdelight:tomato_crate":1,"minecraft:birch_planks":4,"minecraft:stone_pickaxe":39,"minecraft:oak_planks":98,"minecraft:wooden_pickaxe":13,"minecraft:green_bed":1,"vtaw_mw:diamond_katana":2,"naturalist:duck_egg":1,"minecraft:oak_leaves":11,"minecraft:golden_apple":6,"cfm:oak_cabinet":6,"minecraft:mossy_cobblestone":2,"farmersdelight:chicken_sandwich":18,"minecraft:tnt":50,"minecraft:crafting_table":5,"naturalist:coral_snake_spawn_egg":1,"spartanshields:stone_tower_shield":41,"minecraft:redstone_torch":32,"minecraft:oak_log":5,"man:cassetteplayer":1,"minecraft:wooden_hoe":24,"minecraft:lever":2,"minecraft:diamond_pickaxe":1,"minecraft:apple":1,"minecraft:dark_oak_log":1,"farmersdelight:cake_slice":2,"minecraft:iron_pickaxe":903,"minecraft:spruce_pressure_plate":2,"farmersdelight:cooked_bacon":1,"minecraft:cobblestone":39,"farmersdelight:spruce_cabinet":4,"minecraft:wither_rose":6,"vtaw_mw:netherite_greatsword":3,"minecraft:coarse_dirt":1,"minecraft:bone_meal":30},"minecraft:picked_up":{"minecraft:wooden_axe":1,"minecraft:crafting_table":3,"minecraft:iron_chestplate":1,"minecraft:coarse_dirt":1,"minecraft:clay_ball":60,"minecraft:wooden_pickaxe":9,"minecraft:wither_rose":12,"minecraft:brick":576,"farmersdelight:cutting_board":1,"minecraft:string":3,"minecraft:iron_axe":3,"minecraft:flint_and_steel":1,"minecraft:iron_leggings":1,"spartanshields:stone_tower_shield":4,"farmersdelight:beef_patty":19,"minecraft:gold_nugget":1,"minecraft:spruce_planks":5709,"minecraft:redstone_torch":15,"minecraft:iron_pickaxe":5,"minecraft:birch_sapling":3,"minecraft:furnace":12,"minecraft:iron_boots":1,"minecraft:egg":26,"minecraft:stick":59,"minecraft:raw_iron":69,"farmersdelight:minced_beef":36,"farmersdelight:tomato_seeds":1,"minecraft:torch":104,"minecraft:green_bed":1,"iceandfire:silver_ore":6,"sophisticatedbackpacks:backpack":1,"minecraft:porkchop":2,"the_silence:tape_monster":1,"vtaw_mw:iron_katana":1,"minecraft:tnt":1,"minecraft:stone_sword":1,"farmersdelight:fried_egg":9,"minecraft:arrow":3,"minecraft:rotten_flesh":23,"minecraft:glow_berries":2,"minecraft:cobblestone":927,"minecraft:birch_log":28,"minecraft:glow_ink_sac":2,"minecraft:andesite":3,"spartanshields:iron_basic_shield":1,"minecraft:black_bed":1,"farmersdelight:bacon":2,"minecraft:birch_planks":67,"minecraft:oak_log":76,"farmersdelight:cooked_bacon":4,"farmersdelight:tomato":3,"farmersdelight:chicken_sandwich":2,"minecraft:dirt":108,"man:cassette_1safetyinstructions":1,"naturalist:glow_goop":1,"minecraft:bone":1,"minecraft:apple":3,"mowziesmobs:umvuthana_mask_rage":1,"minecraft:kelp":2,"minecraft:wheat_seeds":1,"minecraft:cooked_chicken":19,"minecraft:iron_ingot":6,"minecraft:stone_pickaxe":5,"minecraft:mossy_stone_bricks":1,"minecraft:oak_planks":135,"minecraft:gravel":10,"spartanshields:wooden_tower_shield":1,"minecraft:spruce_sapling":35,"minecraft:spruce_log":23,"minecraft:dark_oak_log":65,"naturalist:duck_egg":1,"minecraft:mossy_cobblestone":9,"iceandfire:dragonegg_red":1,"minecraft:pumpkin_seeds":4,"minecraft:stone_axe":2,"iceandfire:silver_sword":3,"minecraft:iron_helmet":2,"minecraft:bone_meal":1,"farmersdelight:rice_bag":3,"minecraft:oak_sapling":28,"farmersdelight:stove":1,"minecraft:dark_oak_wood":3,"minecraft:coal":62}},"DataVersion":3120}