{"stats":{"minecraft:custom":{"minecraft:interact_with_furnace":24,"minecraft:mob_kills":41,"minecraft:interact_with_crafting_table":16,"minecraft:leave_game":2,"minecraft:time_since_death":31662,"minecraft:sleep_in_bed":5,"minecraft:climb_one_cm":442,"minecraft:time_since_rest":5150,"minecraft:sprint_one_cm":239807,"minecraft:damage_taken":4892,"minecraft:walk_one_cm":180190,"minecraft:damage_blocked_by_shield":985,"minecraft:drop":40,"minecraft:damage_dealt":12442,"minecraft:swim_one_cm":17208,"minecraft:fly_one_cm":620594,"minecraft:open_chest":4,"minecraft:crouch_one_cm":6472,"minecraft:play_time":106571,"minecraft:deaths":12,"minecraft:sneak_time":2922,"minecraft:walk_under_water_one_cm":11428,"minecraft:boat_one_cm":168375,"minecraft:jump":1757,"minecraft:walk_on_water_one_cm":15103,"minecraft:total_world_time":106571,"minecraft:fish_caught":2,"minecraft:fall_one_cm":40400,"minecraft:horse_one_cm":136942},"minecraft:broken":{"minecraft:stone_pickaxe":1},"minecraft:killed_by":{"mutationcraft:assimilated_sheep":1,"mutationcraft:assimilated_human":1,"iceandfire:cyclops":1,"mutationcraft:the_intoxicator":1,"mutationcraft:necroptor":2,"minecraft:creeper":2,"the_one_who_watches:toww_running":1,"mutationcraft:assimilated_fox":1,"mutationcraft:assimilated_wandering_trader":1,"mutationcraft:developed_roamer":1},"minecraft:killed":{"mutationcraft:assimilated_donkey":2,"mutationcraft:assimilated_spider":1,"mutationcraft:hazmat_medic":1,"mutationcraft:human_stage_2":1,"minecraft:spider":1,"mutationcraft:miter":1,"mutationcraft:medium_hook":1,"mutationcraft:reductor":2,"minecraft:skeleton":1,"mutationcraft:hazmat_flamethrower":1,"mutationcraft:necroptor":3,"mutationcraft:assimilated_horse":2,"minecraft:zombie":5,"mutationcraft:assimilated_human":2,"mutationcraft:assimilated_bear":1,"mutationcraft:assimilated_roamer":4,"mutationcraft:assimilated_fox":2,"mutationcraft:assimilated_wolf":1,"mutationcraft:assimilated_pillager":3,"mutationcraft:developed_roamer":1,"mutationcraft:assimilated_cow":1},"minecraft:picked_up":{"minecraft:stripped_oak_log":4,"minecraft:spruce_leaves":2,"minecraft:fishing_rod":2,"minecraft:crafting_table":1,"minecraft:wheat":3,"minecraft:wooden_pickaxe":2,"minecraft:red_mushroom":1,"minecraft:potion":1,"minecraft:oak_log":1,"mutationcraft:necroptor_bomb":1,"minecraft:blue_bed":2,"minecraft:string":2,"minecraft:lapis_lazuli":5,"minecraft:dirt":4,"minecraft:cooked_mutton":3,"minecraft:pufferfish":2,"minecraft:bone":2,"mutationcraft:putrid_brain":2,"minecraft:acacia_planks":287,"minecraft:wheat_seeds":13,"minecraft:cobbled_deepslate":8,"minecraft:raw_gold":4,"minecraft:player_head":1,"minecraft:oak_planks":42,"minecraft:egg":1,"minecraft:raw_iron":56,"minecraft:stick":32,"minecraft:oak_fence":2,"mutationcraft:putrid_block":1,"minecraft:acacia_log":4,"iceandfire:silver_ore":1,"minecraft:gravel":4,"mutationcraft:putrid_claw":36,"minecraft:sand":1,"minecraft:ink_sac":3,"minecraft:white_bed":1,"minecraft:carrot":3,"minecraft:mossy_cobblestone":3,"minecraft:stone_sword":4,"minecraft:rotten_flesh":5,"minecraft:stone_axe":3,"minecraft:hay_block":9,"mutationcraft:putrid_heart":1,"minecraft:oak_sapling":9,"minecraft:coal":3,"minecraft:cod":1,"minecraft:cobblestone":94,"minecraft:wooden_axe":1},"minecraft:mined":{"minecraft:glass_pane":1,"iceandfire:silver_ore":1,"minecraft:mossy_cobblestone":3,"minecraft:oak_fence":1,"minecraft:acacia_log":4,"minecraft:grass_block":1,"minecraft:tall_grass":21,"minecraft:cobblestone":6,"minecraft:lapis_ore":1,"minecraft:blue_bed":2,"minecraft:hay_block":9,"minecraft:carrots":1,"minecraft:iron_ore":46,"minecraft:grass":28,"minecraft:deepslate_iron_ore":10,"minecraft:coal_ore":3,"minecraft:dirt":2,"minecraft:gravel":2,"minecraft:stripped_oak_log":4,"minecraft:stone":86,"minecraft:gold_ore":4,"minecraft:deepslate":11},"minecraft:crafted":{"minecraft:oak_planks":36,"minecraft:crafting_table":3,"minecraft:iron_helmet":1,"minecraft:iron_sword":1,"minecraft:furnace":4,"minecraft:bread":18,"minecraft:air":0,"minecraft:iron_boots":1,"minecraft:iron_chestplate":1,"minecraft:shield":1,"minecraft:stick":8,"minecraft:iron_pickaxe":1,"minecraft:iron_ingot":53,"minecraft:stone_pickaxe":1,"minecraft:iron_leggings":1,"minecraft:acacia_planks":256,"minecraft:torch":4,"minecraft:wheat":54},"minecraft:used":{"minecraft:cooked_mutton":1,"minecraft:netherite_sword":21,"minecraft:stone_sword":32,"minecraft:stone_pickaxe":131,"minecraft:shield":27,"minecraft:iron_sword":130,"minecraft:zombie_spawn_egg":1,"minecraft:blue_bed":3,"minecraft:horse_spawn_egg":1,"minecraft:rotten_flesh":2,"minecraft:torch":10,"minecraft:dirt":3,"minecraft:crafting_table":3,"minecraft:cod":1,"minecraft:wooden_axe":4,"mutationcraft:medium_hook_spawn_egg":1,"minecraft:bread":16,"minecraft:iron_pickaxe":45,"minecraft:gravel":3,"minecraft:bow":8,"minecraft:pufferfish":1,"minecraft:stone_axe":63,"minecraft:cobblestone":48,"minecraft:fishing_rod":8,"minecraft:furnace":4,"minecraft:acacia_planks":19},"minecraft:dropped":{"minecraft:iron_ingot":87,"minecraft:player_head":1,"minecraft:stone_sword":1,"minecraft:oak_planks":4,"minecraft:stick":8,"minecraft:spruce_leaves":2,"minecraft:dirt":1,"minecraft:wooden_axe":1,"minecraft:sand":2,"minecraft:wooden_pickaxe":2,"mutationcraft:putrid_brain":1,"mutationcraft:putrid_claw":4}},"DataVersion":3120}