{"stats":{"minecraft:crafted":{"minecraft:oak_planks":80,"minecraft:stone_shovel":1,"minecraft:furnace":8,"minecraft:iron_boots":1,"minecraft:iron_axe":1,"minecraft:stone_pickaxe":1,"minecraft:spruce_boat":1,"iceandfire:silver_ingot":5,"minecraft:crafting_table":4,"minecraft:spruce_planks":88,"minecraft:wooden_pickaxe":1,"minecraft:iron_helmet":1,"minecraft:spruce_door":3,"minecraft:birch_planks":24,"minecraft:stone_axe":1,"minecraft:air":0,"farmersdelight:beef_patty":20,"minecraft:iron_chestplate":1,"minecraft:stick":36,"minecraft:iron_pickaxe":2,"minecraft:iron_ingot":30,"minecraft:stone_sword":1,"minecraft:iron_leggings":1,"minecraft:torch":128,"iceandfire:silver_sword":1},"minecraft:mined":{"minecraft:spruce_planks":8,"minecraft:oak_sapling":5,"iceandfire:silver_ore":3,"minecraft:mossy_cobblestone":3,"minecraft:grass_block":20,"minecraft:spruce_leaves":1,"minecraft:furnace":4,"minecraft:iron_ore":42,"minecraft:fire":60,"minecraft:andesite":3,"minecraft:stone":256,"minecraft:green_bed":1,"minecraft:crafting_table":2,"minecraft:torch":3,"minecraft:cobblestone":11,"minecraft:oak_planks":15,"minecraft:wall_torch":24,"minecraft:birch_planks":4,"minecraft:coarse_dirt":1,"minecraft:birch_log":18,"minecraft:spruce_log":42,"minecraft:birch_leaves":2,"minecraft:wither_rose":2,"minecraft:grass":8,"minecraft:oak_log":63,"minecraft:coal_ore":44,"minecraft:gravel":1,"minecraft:dirt":33,"minecraft:mossy_stone_bricks":1,"minecraft:oak_leaves":30},"minecraft:custom":{"minecraft:mob_kills":17,"minecraft:interact_with_crafting_table":15,"minecraft:open_barrel":10,"minecraft:leave_game":14,"minecraft:time_since_death":2780,"minecraft:climb_one_cm":288,"minecraft:sprint_one_cm":366677,"minecraft:walk_one_cm":358018,"minecraft:damage_blocked_by_shield":3818,"minecraft:drop":158,"minecraft:play_time":314151,"minecraft:deaths":19,"minecraft:sneak_time":6710,"minecraft:walk_under_water_one_cm":26110,"minecraft:boat_one_cm":158049,"minecraft:jump":2688,"minecraft:walk_on_water_one_cm":27307,"minecraft:total_world_time":314151,"minecraft:interact_with_furnace":21,"spartanshields:shield_bash_hits":6,"minecraft:time_since_rest":2952,"minecraft:damage_taken":6809,"minecraft:damage_absorbed":136,"minecraft:damage_dealt":17584,"minecraft:swim_one_cm":22637,"minecraft:fly_one_cm":840945,"minecraft:player_kills":7,"minecraft:crouch_one_cm":14086,"minecraft:fall_one_cm":58583},"minecraft:dropped":{"minecraft:iron_ingot":14,"minecraft:birch_planks":27,"minecraft:wheat_seeds":1,"minecraft:iron_helmet":1,"minecraft:dirt":54,"iceandfire:dragonegg_red":1,"minecraft:torch":19,"spartanshields:wooden_tower_shield":4,"iceandfire:silver_sword":1,"minecraft:wither_rose":1,"minecraft:iron_axe":3,"minecraft:raw_iron":6,"minecraft:oak_planks":37,"iceandfire:silver_ore":1,"farmersdelight:chicken_sandwich":20,"iceandfire:rotten_egg":2,"minecraft:spruce_planks":5412,"iceandfire:silver_ingot":3,"minecraft:oak_sapling":3,"minecraft:wooden_pickaxe":1,"minecraft:stone_pickaxe":1},"minecraft:killed":{"minecraft:zombified_piglin":1,"naturalist:snail":1,"minecraft:skeleton":2,"naturalist:firefly":1,"man:managgresive":1,"iceandfire:cockatrice":2,"minecraft:zombie":4,"apollyon:the_damned":4},"minecraft:used":{"apollyon:the_damned_spawn_egg":4,"apollyon:the_infector_spawn_egg":1,"mimic_dweller:mimic_dweller_spawn_egg":1,"minecraft:netherite_sword":84,"minecraft:stone_sword":20,"iceandfire:silver_sword":16,"minecraft:flint_and_steel":101,"the_silence:tele":1,"minecraft:stone_shovel":34,"minecraft:spruce_planks":52,"farmersdelight:stove":5,"farmingforblockheads:market":1,"minecraft:iron_sword":22,"minecraft:rotten_flesh":2,"minecraft:netherrack":41,"minecraft:torch":137,"minecraft:dirt":60,"vtaw_mw:diamond_dagger":7,"farmersdelight:beef_patty":1,"minecraft:spruce_boat":1,"minecraft:iron_axe":121,"naturalist:butterfly":4,"mowziesmobs:earthbore_gauntlet":1,"spartanshields:iron_basic_shield":32,"minecraft:oak_sapling":7,"minecraft:furnace":4,"naturalist:teddy_bear":1,"minecraft:gold_block":78,"minecraft:egg":3,"farmersdelight:fried_egg":1,"minecraft:mossy_stone_bricks":1,"minecraft:spruce_door":2,"farmersdelight:skillet":5,"minecraft:birch_planks":4,"minecraft:stone_pickaxe":39,"minecraft:oak_planks":98,"minecraft:wooden_pickaxe":13,"minecraft:green_bed":1,"vtaw_mw:diamond_katana":2,"naturalist:duck_egg":1,"minecraft:oak_leaves":11,"minecraft:golden_apple":6,"minecraft:mossy_cobblestone":2,"farmersdelight:chicken_sandwich":11,"minecraft:crafting_table":4,"naturalist:coral_snake_spawn_egg":1,"spartanshields:stone_tower_shield":41,"minecraft:redstone_torch":32,"man:cassetteplayer":1,"minecraft:diamond_pickaxe":1,"minecraft:apple":1,"farmersdelight:cake_slice":2,"minecraft:iron_pickaxe":329,"minecraft:cobblestone":33,"minecraft:wither_rose":6,"vtaw_mw:netherite_greatsword":3,"minecraft:coarse_dirt":1,"minecraft:bone_meal":30},"minecraft:killed_by":{"the_silence:the_silence_principal":1,"minecraft:player":3,"minecraft:spider":1,"apollyon:the_infector":1,"man:managgresive":3,"apollyon:the_damned":4,"mimic_dweller:mimic_dweller":1,"skinwalker_overhaul:skinwalker_overhaul":1,"simon_12:simon_12":1,"minecraft:zombie":3},"minecraft:picked_up":{"minecraft:wooden_axe":1,"minecraft:crafting_table":3,"minecraft:iron_chestplate":1,"minecraft:coarse_dirt":1,"minecraft:wooden_pickaxe":7,"minecraft:wither_rose":11,"minecraft:string":3,"minecraft:iron_axe":3,"minecraft:iron_leggings":1,"spartanshields:stone_tower_shield":4,"farmersdelight:beef_patty":19,"minecraft:gold_nugget":1,"minecraft:spruce_planks":5692,"minecraft:redstone_torch":15,"minecraft:iron_pickaxe":5,"minecraft:birch_sapling":3,"minecraft:egg":26,"minecraft:iron_boots":1,"minecraft:furnace":12,"minecraft:raw_iron":69,"minecraft:stick":52,"farmersdelight:minced_beef":36,"minecraft:torch":94,"minecraft:green_bed":1,"iceandfire:silver_ore":6,"sophisticatedbackpacks:backpack":1,"minecraft:porkchop":2,"the_silence:tape_monster":1,"farmersdelight:fried_egg":9,"minecraft:stone_sword":1,"minecraft:arrow":3,"minecraft:rotten_flesh":17,"minecraft:cobblestone":605,"minecraft:birch_log":14,"minecraft:andesite":3,"spartanshields:iron_basic_shield":1,"minecraft:birch_planks":63,"minecraft:oak_log":76,"farmersdelight:chicken_sandwich":2,"minecraft:dirt":52,"man:cassette_1safetyinstructions":1,"naturalist:glow_goop":1,"minecraft:bone":1,"minecraft:apple":3,"mowziesmobs:umvuthana_mask_rage":1,"minecraft:kelp":2,"minecraft:wheat_seeds":1,"minecraft:stone_pickaxe":5,"minecraft:iron_ingot":3,"minecraft:mossy_stone_bricks":1,"minecraft:oak_planks":119,"minecraft:gravel":6,"spartanshields:wooden_tower_shield":1,"minecraft:spruce_sapling":35,"minecraft:spruce_log":23,"naturalist:duck_egg":1,"minecraft:mossy_cobblestone":7,"iceandfire:dragonegg_red":1,"minecraft:stone_axe":2,"iceandfire:silver_sword":3,"minecraft:iron_helmet":2,"minecraft:bone_meal":1,"minecraft:oak_sapling":27,"minecraft:coal":59}},"DataVersion":3120}