{
  "cfm:recipes/cfm/spruce_kitchen_drawer": {
    "criteria": {
      "has_planks": "2024-06-11 03:15:50 +0000"
    },
    "done": true
  },
  "cfm:recipes/cfm/spruce_kitchen_counter": {
    "criteria": {
      "has_planks": "2024-06-11 03:15:50 +0000"
    },
    "done": true
  },
  "spartanshields:recipes/spartanshields/stone_tower_shield": {
    "criteria": {
      "has_cobblestone": "2024-06-11 03:08:22 +0000"
    },
    "done": true
  },
  "incendium:technical/on_block": {
    "criteria": {
      "log_spam_fixer": "2024-06-11 03:35:34 +0000"
    },
    "done": false
  },
  "minecraft:recipes/redstone/lever": {
    "criteria": {
      "has_cobblestone": "2024-06-11 03:08:22 +0000"
    },
    "done": true
  },
  "minecraft:recipes/building_blocks/cobblestone_stairs_from_cobblestone_stonecutting": {
    "criteria": {
      "has_cobblestone": "2024-06-11 03:08:22 +0000"
    },
    "done": true
  },
  "cfm:recipes/cfm/white_cooler": {
    "criteria": {
      "has_chest": "2024-06-11 03:17:54 +0000"
    },
    "done": true
  },
  "cfm:recipes/cfm/yellow_cooler": {
    "criteria": {
      "has_chest": "2024-06-11 03:17:54 +0000"
    },
    "done": true
  },
  "minecraft:recipes/combat/iron_sword": {
    "criteria": {
      "has_iron_ingot": "2024-06-11 02:53:50 +0000"
    },
    "done": true
  },
  "cfm:recipes/cfm/birch_kitchen_sink_light": {
    "criteria": {
      "has_bottom": "2024-06-11 02:50:39 +0000"
    },
    "done": true
  },
  "minecraft:recipes/redstone/spruce_door": {
    "criteria": {
      "has_planks": "2024-06-11 03:15:50 +0000"
    },
    "done": true
  },
  "minecraft:recipes/tools/iron_pickaxe": {
    "criteria": {
      "has_iron_ingot": "2024-06-11 02:53:50 +0000"
    },
    "done": true
  },
  "cfm:recipes/cfm/stripped_warped_mail_box": {
    "criteria": {
      "has_chest": "2024-06-11 03:17:54 +0000"
    },
    "done": true
  },
  "cfm:recipes/cfm/birch_upgraded_gate": {
    "criteria": {
      "has_log": "2024-06-09 17:16:02 +0000"
    },
    "done": true
  },
  "minecraft:recipes/redstone/spruce_fence_gate": {
    "criteria": {
      "has_planks": "2024-06-11 03:15:50 +0000"
    },
    "done": true
  },
  "spartanshields:recipes/spartanshields/golden_basic_shield": {
    "criteria": {
      "has_gold_ingot": "2024-06-11 03:10:26 +0000"
    },
    "done": true
  },
  "cfm:recipes/cfm/spruce_bedside_cabinet": {
    "criteria": {
      "has_planks": "2024-06-11 03:15:50 +0000"
    },
    "done": true
  },
  "minecraft:recipes/redstone/birch_pressure_plate": {
    "criteria": {
      "has_planks": "2024-06-11 02:50:39 +0000"
    },
    "done": true
  },
  "minecraft:recipes/decorations/campfire": {
    "criteria": {
      "has_stick": "2024-06-09 17:32:28 +0000"
    },
    "done": true
  },
  "minecraft:recipes/decorations/crafting_table": {
    "criteria": {
      "has_planks": "2024-06-09 17:35:44 +0000"
    },
    "done": true
  },
  "cfm:recipes/cfm/birch_desk": {
    "criteria": {
      "has_log": "2024-06-09 17:16:02 +0000"
    },
    "done": true
  },
  "minecraft:recipes/tools/golden_hoe": {
    "criteria": {
      "has_gold_ingot": "2024-06-11 03:10:26 +0000"
    },
    "done": true
  },
  "iceandfire:iceandfire/root": {
    "criteria": {
      "tick": "2024-06-09 17:09:57 +0000"
    },
    "done": true
  },
  "minecraft:recipes/decorations/ladder": {
    "criteria": {
      "has_stick": "2024-06-09 17:32:28 +0000"
    },
    "done": true
  },
  "minecraft:recipes/misc/iron_nugget": {
    "criteria": {
      "has_iron_ingot": "2024-06-11 02:53:50 +0000"
    },
    "done": true
  },
  "minecraft:recipes/decorations/chest": {
    "criteria": {
      "has_lots_of_items": "2024-06-11 02:54:31 +0000"
    },
    "done": true
  },
  "minecraft:recipes/combat/golden_sword": {
    "criteria": {
      "has_gold_ingot": "2024-06-11 03:10:26 +0000"
    },
    "done": true
  },
  "cfm:recipes/cfm/stripped_birch_bedside_cabinet": {
    "criteria": {
      "has_planks": "2024-06-09 17:16:02 +0000"
    },
    "done": true
  },
  "minecraft:recipes/transportation/mangrove_boat": {
    "criteria": {
      "in_water": "2024-06-11 02:50:23 +0000"
    },
    "done": true
  },
  "minecraft:recipes/redstone/spruce_button": {
    "criteria": {
      "has_planks": "2024-06-11 03:15:50 +0000"
    },
    "done": true
  },
  "minecraft:recipes/tools/wooden_shovel": {
    "criteria": {
      "has_stick": "2024-06-09 17:32:28 +0000"
    },
    "done": true
  },
  "cfm:recipes/cfm/stripped_oak_chair": {
    "criteria": {
      "has_planks": "2024-06-09 17:16:27 +0000"
    },
    "done": true
  },
  "cfm:recipes/cfm/oak_crate": {
    "criteria": {
      "has_log": "2024-06-09 17:16:27 +0000"
    },
    "done": true
  },
  "cfm:recipes/cfm/trampoline": {
    "criteria": {
      "has_iron": "2024-06-11 02:53:50 +0000"
    },
    "done": true
  },
  "minecraft:recipes/tools/shears": {
    "criteria": {
      "has_iron_ingot": "2024-06-11 02:53:50 +0000"
    },
    "done": true
  },
  "minecraft:recipes/food/cooked_beef_from_grill_cooking": {
    "criteria": {
      "has_beef": "2024-06-11 03:10:22 +0000"
    },
    "done": true
  },
  "minecraft:recipes/misc/stick": {
    "criteria": {
      "has_planks": "2024-06-09 17:35:44 +0000"
    },
    "done": true
  },
  "cfm:recipes/cfm/stripped_birch_kitchen_counter": {
    "criteria": {
      "has_log": "2024-06-09 17:16:02 +0000"
    },
    "done": true
  },
  "minecraft:recipes/transportation/spruce_boat": {
    "criteria": {
      "in_water": "2024-06-11 02:50:23 +0000"
    },
    "done": true
  },
  "cfm:recipes/cfm/brown_grill": {
    "criteria": {
      "has_iron": "2024-06-11 02:53:50 +0000"
    },
    "done": true
  },
  "cfm:recipes/cfm/mangrove_mail_box": {
    "criteria": {
      "has_chest": "2024-06-11 03:17:54 +0000"
    },
    "done": true
  },
  "cfm:recipes/cfm/green_grill": {
    "criteria": {
      "has_iron": "2024-06-11 02:53:50 +0000"
    },
    "done": true
  },
  "cfm:recipes/cfm/stripped_oak_table": {
    "criteria": {
      "has_planks": "2024-06-09 17:16:27 +0000"
    },
    "done": true
  },
  "cfm:recipes/cfm/green_cooler": {
    "criteria": {
      "has_chest": "2024-06-11 03:17:54 +0000"
    },
    "done": true
  },
  "iceandfire:iceandfire/dragon_egg": {
    "criteria": {
      "egg": "2024-06-11 03:17:48 +0000"
    },
    "done": true
  },
  "cfm:recipes/cfm/pink_kitchen_drawer": {
    "criteria": {
      "has_chest": "2024-06-11 03:17:54 +0000"
    },
    "done": true
  },
  "cfm:recipes/cfm/lime_kitchen_drawer": {
    "criteria": {
      "has_chest": "2024-06-11 03:17:54 +0000"
    },
    "done": true
  },
  "cfm:recipes/cfm/dark_oak_kitchen_drawer": {
    "criteria": {
      "has_chest": "2024-06-11 03:17:54 +0000"
    },
    "done": true
  },
  "cfm:recipes/cfm/oak_kitchen_counter": {
    "criteria": {
      "has_log": "2024-06-09 17:16:27 +0000"
    },
    "done": true
  },
  "minecraft:recipes/misc/gold_nugget": {
    "criteria": {
      "has_gold_ingot": "2024-06-11 03:10:26 +0000"
    },
    "done": true
  },
  "cfm:recipes/cfm/stripped_oak_kitchen_drawer": {
    "criteria": {
      "has_log": "2024-06-09 17:16:27 +0000"
    },
    "done": true
  },
  "cfm:recipes/cfm/light_gray_kitchen_drawer": {
    "criteria": {
      "has_chest": "2024-06-11 03:17:54 +0000"
    },
    "done": true
  },
  "cfm:recipes/cfm/red_cooler": {
    "criteria": {
      "has_chest": "2024-06-11 03:17:54 +0000"
    },
    "done": true
  },
  "minecraft:recipes/combat/iron_leggings": {
    "criteria": {
      "has_iron_ingot": "2024-06-11 02:53:50 +0000"
    },
    "done": true
  },
  "minecraft:husbandry/balanced_diet": {
    "criteria": {
      "cooked_beef": "2024-06-11 03:15:04 +0000",
      "apple": "2024-06-11 02:59:06 +0000"
    },
    "done": false
  },
  "cfm:recipes/cfm/stripped_spruce_mail_box": {
    "criteria": {
      "has_chest": "2024-06-11 03:17:54 +0000"
    },
    "done": true
  },
  "minecraft:recipes/tools/wooden_hoe": {
    "criteria": {
      "has_stick": "2024-06-09 17:32:28 +0000"
    },
    "done": true
  },
  "apollyon:apollyon": {
    "criteria": {
      "apollyon": "2024-06-09 17:11:09 +0000"
    },
    "done": true
  },
  "cfm:recipes/cfm/oak_blinds": {
    "criteria": {
      "has_log": "2024-06-09 17:16:27 +0000"
    },
    "done": true
  },
  "minecraft:recipes/combat/shield": {
    "criteria": {
      "has_iron_ingot": "2024-06-11 02:53:50 +0000"
    },
    "done": true
  },
  "cfm:recipes/cfm/birch_park_bench": {
    "criteria": {
      "has_log": "2024-06-09 17:16:02 +0000"
    },
    "done": true
  },
  "cfm:recipes/cfm/gray_kitchen_drawer": {
    "criteria": {
      "has_chest": "2024-06-11 03:17:54 +0000"
    },
    "done": true
  },
  "minecraft:recipes/building_blocks/cobblestone_slab": {
    "criteria": {
      "has_cobblestone": "2024-06-11 03:08:22 +0000"
    },
    "done": true
  },
  "cfm:recipes/cfm/spruce_cabinet": {
    "criteria": {
      "has_planks": "2024-06-11 03:15:50 +0000"
    },
    "done": true
  },
  "minecraft:recipes/misc/bucket": {
    "criteria": {
      "has_iron_ingot": "2024-06-11 02:53:50 +0000"
    },
    "done": true
  },
  "cfm:recipes/cfm/oak_bedside_cabinet": {
    "criteria": {
      "has_log": "2024-06-09 17:16:27 +0000"
    },
    "done": true
  },
  "cfm:recipes/cfm/birch_crate": {
    "criteria": {
      "has_log": "2024-06-09 17:16:02 +0000"
    },
    "done": true
  },
  "cfm:recipes/cfm/oak_kitchen_sink_dark": {
    "criteria": {
      "has_bottom": "2024-06-09 17:35:44 +0000"
    },
    "done": true
  },
  "minecraft:recipes/building_blocks/cobblestone_stairs": {
    "criteria": {
      "has_cobblestone": "2024-06-11 03:08:22 +0000"
    },
    "done": true
  },
  "minecraft:recipes/redstone/hopper": {
    "criteria": {
      "has_iron_ingot": "2024-06-11 02:53:50 +0000"
    },
    "done": true
  },
  "minecraft:recipes/building_blocks/birch_slab": {
    "criteria": {
      "has_planks": "2024-06-11 02:50:39 +0000"
    },
    "done": true
  },
  "apollyon:condemned_to_die": {
    "criteria": {
      "condemned_to_die": "2024-06-09 17:10:36 +0000"
    },
    "done": true
  },
  "cfm:recipes/cfm/stripped_birch_chair": {
    "criteria": {
      "has_planks": "2024-06-09 17:16:02 +0000"
    },
    "done": true
  },
  "cfm:recipes/cfm/orange_grill": {
    "criteria": {
      "has_iron": "2024-06-11 02:53:50 +0000"
    },
    "done": true
  },
  "farmersdelight:recipes/farmersdelight/cooking/beef_stew": {
    "criteria": {
      "has_any_ingredient": "2024-06-11 03:10:22 +0000"
    },
    "done": true
  },
  "naturalist:recipes/food/cooked_egg": {
    "criteria": {
      "has_eggs": "2024-06-09 17:12:27 +0000"
    },
    "done": true
  },
  "incendium:technical/using/shield": {
    "criteria": {
      "log_spam_fixer": "2024-06-09 17:09:58 +0000"
    },
    "done": false
  },
  "minecraft:recipes/misc/gold_ingot_from_smelting_raw_gold": {
    "criteria": {
      "has_the_recipe": "2024-06-11 03:10:26 +0000"
    },
    "done": true
  },
  "cfm:recipes/cfm/blue_grill": {
    "criteria": {
      "has_iron": "2024-06-11 02:53:50 +0000"
    },
    "done": true
  },
  "cfm:recipes/cfm/gray_cooler": {
    "criteria": {
      "has_chest": "2024-06-11 03:17:54 +0000"
    },
    "done": true
  },
  "cfm:recipes/cfm/stripped_birch_table": {
    "criteria": {
      "has_planks": "2024-06-09 17:16:02 +0000"
    },
    "done": true
  },
  "cfm:recipes/cfm/cyan_cooler": {
    "criteria": {
      "has_chest": "2024-06-11 03:17:54 +0000"
    },
    "done": true
  },
  "minecraft:recipes/combat/iron_helmet": {
    "criteria": {
      "has_iron_ingot": "2024-06-11 02:53:50 +0000"
    },
    "done": true
  },
  "minecraft:recipes/tools/golden_shovel": {
    "criteria": {
      "has_gold_ingot": "2024-06-11 03:10:26 +0000"
    },
    "done": true
  },
  "cfm:recipes/cfm/yellow_grill": {
    "criteria": {
      "has_iron": "2024-06-11 02:53:50 +0000"
    },
    "done": true
  },
  "minecraft:recipes/redstone/oak_fence_gate": {
    "criteria": {
      "has_planks": "2024-06-09 17:35:44 +0000"
    },
    "done": true
  },
  "incendium:technical/using/trailblazer": {
    "criteria": {
      "log_spam_fixer": "2024-06-09 17:09:58 +0000"
    },
    "done": false
  },
  "spartanshields:recipes/spartanshields/stone_basic_shield": {
    "criteria": {
      "has_cobblestone": "2024-06-11 03:08:22 +0000"
    },
    "done": true
  },
  "cfm:recipes/cfm/birch_blinds": {
    "criteria": {
      "has_log": "2024-06-09 17:16:02 +0000"
    },
    "done": true
  },
  "cfm:recipes/cfm/spruce_kitchen_sink_dark": {
    "criteria": {
      "has_bottom": "2024-06-11 03:15:50 +0000"
    },
    "done": true
  },
  "cfm:recipes/cfm/purple_grill": {
    "criteria": {
      "has_iron": "2024-06-11 02:53:50 +0000"
    },
    "done": true
  },
  "spartanshields:recipes/spartanshields/golden_tower_shield": {
    "criteria": {
      "has_gold_ingot": "2024-06-11 03:10:26 +0000"
    },
    "done": true
  },
  "minecraft:recipes/decorations/iron_bars": {
    "criteria": {
      "has_iron_ingot": "2024-06-11 02:53:50 +0000"
    },
    "done": true
  },
  "cfm:recipes/cfm/brown_cooler": {
    "criteria": {
      "has_chest": "2024-06-11 03:17:54 +0000"
    },
    "done": true
  },
  "incendium:technical/scroll_of_returning": {
    "criteria": {
      "log_spam_fixer": "2024-06-09 17:09:58 +0000"
    },
    "done": false
  },
  "cfm:recipes/cfm/dark_oak_mail_box": {
    "criteria": {
      "has_chest": "2024-06-11 03:17:54 +0000"
    },
    "done": true
  },
  "minecraft:recipes/building_blocks/gold_block": {
    "criteria": {
      "has_gold_ingot": "2024-06-11 03:10:26 +0000"
    },
    "done": true
  },
  "minecraft:story/obtain_armor": {
    "criteria": {
      "iron_helmet": "2024-06-11 02:54:59 +0000"
    },
    "done": true
  },
  "minecraft:story/mine_stone": {
    "criteria": {
      "get_stone": "2024-06-11 03:08:22 +0000"
    },
    "done": true
  },
  "cfm:recipes/cfm/magenta_kitchen_drawer": {
    "criteria": {
      "has_chest": "2024-06-11 03:17:54 +0000"
    },
    "done": true
  },
  "cfm:recipes/cfm/brown_kitchen_drawer": {
    "criteria": {
      "has_chest": "2024-06-11 03:17:54 +0000"
    },
    "done": true
  },
  "minecraft:recipes/decorations/furnace": {
    "criteria": {
      "has_cobblestone": "2024-06-11 03:08:22 +0000"
    },
    "done": true
  },
  "minecraft:recipes/transportation/minecart": {
    "criteria": {
      "has_iron_ingot": "2024-06-11 02:53:50 +0000"
    },
    "done": true
  },
  "minecraft:recipes/misc/charcoal": {
    "criteria": {
      "has_log": "2024-06-09 17:16:02 +0000"
    },
    "done": true
  },
  "minecraft:adventure/sleep_in_bed": {
    "criteria": {
      "slept_in_bed": "2024-06-11 03:28:24 +0000"
    },
    "done": true
  },
  "minecraft:recipes/tools/wooden_pickaxe": {
    "criteria": {
      "has_stick": "2024-06-09 17:32:28 +0000"
    },
    "done": true
  },
  "minecraft:recipes/tools/iron_hoe": {
    "criteria": {
      "has_iron_ingot": "2024-06-11 02:53:50 +0000"
    },
    "done": true
  },
  "minecraft:recipes/building_blocks/cobblestone_slab_from_cobblestone_stonecutting": {
    "criteria": {
      "has_cobblestone": "2024-06-11 03:08:22 +0000"
    },
    "done": true
  },
  "minecraft:husbandry/root": {
    "criteria": {
      "consumed_item": "2024-06-11 02:53:33 +0000"
    },
    "done": true
  },
  "minecraft:recipes/transportation/birch_boat": {
    "criteria": {
      "in_water": "2024-06-11 02:50:23 +0000"
    },
    "done": true
  },
  "minecraft:recipes/food/golden_apple": {
    "criteria": {
      "has_gold_ingot": "2024-06-11 03:10:26 +0000"
    },
    "done": true
  },
  "minecraft:recipes/building_blocks/oak_stairs": {
    "criteria": {
      "has_planks": "2024-06-09 17:35:44 +0000"
    },
    "done": true
  },
  "cfm:recipes/cfm/oak_kitchen_drawer": {
    "criteria": {
      "has_log": "2024-06-09 17:16:27 +0000"
    },
    "done": true
  },
  "cfm:recipes/cfm/stripped_oak_coffee_table": {
    "criteria": {
      "has_planks": "2024-06-09 17:16:27 +0000"
    },
    "done": true
  },
  "cfm:recipes/cfm/stripped_oak_cabinet": {
    "criteria": {
      "has_log": "2024-06-09 17:16:27 +0000"
    },
    "done": true
  },
  "minecraft:recipes/tools/iron_shovel": {
    "criteria": {
      "has_iron_ingot": "2024-06-11 02:53:50 +0000"
    },
    "done": true
  },
  "minecraft:recipes/transportation/acacia_boat": {
    "criteria": {
      "in_water": "2024-06-11 02:50:23 +0000"
    },
    "done": true
  },
  "minecraft:recipes/redstone/iron_trapdoor": {
    "criteria": {
      "has_iron_ingot": "2024-06-11 02:53:50 +0000"
    },
    "done": true
  },
  "incendium:technical/inventory/firestorm": {
    "criteria": {
      "log_spam_fixer": "2024-06-11 03:35:34 +0000"
    },
    "done": false
  },
  "minecraft:recipes/decorations/birch_sign": {
    "criteria": {
      "has_planks": "2024-06-11 02:50:39 +0000"
    },
    "done": true
  },
  "farmersdelight:recipes/farmersdelight/cutting_board": {
    "criteria": {
      "has_stick": "2024-06-11 02:49:53 +0000"
    },
    "done": true
  },
  "minecraft:adventure/root": {
    "criteria": {
      "killed_by_something": "2024-06-09 17:10:36 +0000"
    },
    "done": true
  },
  "cfm:recipes/cfm/black_kitchen_drawer": {
    "criteria": {
      "has_chest": "2024-06-11 03:17:54 +0000"
    },
    "done": true
  },
  "farmersdelight:main/root": {
    "criteria": {
      "seeds": "2024-06-11 02:49:53 +0000"
    },
    "done": true
  },
  "minecraft:recipes/tools/stone_hoe": {
    "criteria": {
      "has_cobblestone": "2024-06-11 03:08:22 +0000"
    },
    "done": true
  },
  "minecraft:recipes/decorations/spruce_fence": {
    "criteria": {
      "has_planks": "2024-06-11 03:15:50 +0000"
    },
    "done": true
  },
  "cfm:recipes/cfm/stripped_oak_desk_cabinet": {
    "criteria": {
      "has_planks": "2024-06-09 17:16:27 +0000"
    },
    "done": true
  },
  "cfm:recipes/cfm/stripped_mangrove_kitchen_drawer": {
    "criteria": {
      "has_chest": "2024-06-11 03:17:54 +0000"
    },
    "done": true
  },
  "minecraft:adventure/kill_all_mobs": {
    "criteria": {
      "minecraft:zombie_villager": "2024-06-09 17:14:13 +0000"
    },
    "done": false
  },
  "cfm:recipes/cfm/oak_upgraded_gate": {
    "criteria": {
      "has_log": "2024-06-09 17:16:27 +0000"
    },
    "done": true
  },
  "incendium:technical/sentrys_wrath": {
    "criteria": {
      "log_spam_fixer": "2024-06-11 03:35:34 +0000"
    },
    "done": false
  },
  "minecraft:recipes/building_blocks/birch_wood": {
    "criteria": {
      "has_log": "2024-06-09 17:16:02 +0000"
    },
    "done": true
  },
  "farmersdelight:recipes/farmersdelight/cooking_pot": {
    "criteria": {
      "has_iron_ingot": "2024-06-11 02:53:50 +0000"
    },
    "done": true
  },
  "cfm:recipes/cfm/crimson_mail_box": {
    "criteria": {
      "has_chest": "2024-06-11 03:17:54 +0000"
    },
    "done": true
  },
  "cfm:recipes/cfm/jungle_mail_box": {
    "criteria": {
      "has_chest": "2024-06-11 03:17:54 +0000"
    },
    "done": true
  },
  "minecraft:recipes/food/cooked_beef_from_smoking": {
    "criteria": {
      "has_beef": "2024-06-11 03:10:22 +0000"
    },
    "done": true
  },
  "cfm:recipes/cfm/stripped_birch_desk": {
    "criteria": {
      "has_planks": "2024-06-09 17:16:02 +0000"
    },
    "done": true
  },
  "minecraft:recipes/building_blocks/spruce_stairs": {
    "criteria": {
      "has_planks": "2024-06-11 03:15:50 +0000"
    },
    "done": true
  },
  "minecraft:recipes/misc/iron_nugget_from_smelting": {
    "criteria": {
      "has_iron_pickaxe": "2024-06-11 02:53:45 +0000"
    },
    "done": true
  },
  "minecraft:recipes/redstone/birch_door": {
    "criteria": {
      "has_planks": "2024-06-11 02:50:39 +0000"
    },
    "done": true
  },
  "cfm:recipes/cfm/white_grill": {
    "criteria": {
      "has_iron": "2024-06-11 02:53:50 +0000"
    },
    "done": true
  },
  "spartanshields:recipes/spartanshields/iron_tower_shield": {
    "criteria": {
      "has_iron_ingot": "2024-06-11 02:53:50 +0000"
    },
    "done": true
  },
  "cfm:recipes/cfm/pink_grill": {
    "criteria": {
      "has_iron": "2024-06-11 02:53:50 +0000"
    },
    "done": true
  },
  "cfm:recipes/cfm/stripped_mangrove_mail_box": {
    "criteria": {
      "has_chest": "2024-06-11 03:17:54 +0000"
    },
    "done": true
  },
  "spartanshields:recipes/spartanshields/iron_basic_shield": {
    "criteria": {
      "has_iron_ingot": "2024-06-11 02:53:50 +0000"
    },
    "done": true
  },
  "minecraft:recipes/decorations/chain": {
    "criteria": {
      "has_iron_ingot": "2024-06-11 02:53:50 +0000"
    },
    "done": true
  },
  "incendium:technical/feed_ghastling": {
    "criteria": {
      "log_spam_fixer": "2024-06-11 03:35:34 +0000"
    },
    "done": false
  },
  "cfm:recipes/cfm/warped_kitchen_drawer": {
    "criteria": {
      "has_chest": "2024-06-11 03:17:54 +0000"
    },
    "done": true
  },
  "cfm:recipes/cfm/spruce_park_bench": {
    "criteria": {
      "has_planks": "2024-06-11 03:15:50 +0000"
    },
    "done": true
  },
  "cfm:recipes/cfm/magenta_grill": {
    "criteria": {
      "has_iron": "2024-06-11 02:53:50 +0000"
    },
    "done": true
  },
  "minecraft:recipes/decorations/oak_fence": {
    "criteria": {
      "has_planks": "2024-06-09 17:35:44 +0000"
    },
    "done": true
  },
  "farmersdelight:recipes/farmersdelight/cooking/apple_cider": {
    "criteria": {
      "has_apple": "2024-06-11 02:54:40 +0000"
    },
    "done": true
  },
  "minecraft:recipes/transportation/oak_boat": {
    "criteria": {
      "in_water": "2024-06-11 02:50:23 +0000"
    },
    "done": true
  },
  "cfm:recipes/cfm/stripped_warped_kitchen_drawer": {
    "criteria": {
      "has_chest": "2024-06-11 03:17:54 +0000"
    },
    "done": true
  },
  "cfm:recipes/cfm/spruce_table": {
    "criteria": {
      "has_planks": "2024-06-11 03:15:50 +0000"
    },
    "done": true
  },
  "minecraft:recipes/decorations/birch_fence": {
    "criteria": {
      "has_planks": "2024-06-11 02:50:39 +0000"
    },
    "done": true
  },
  "minecraft:recipes/building_blocks/oak_slab": {
    "criteria": {
      "has_planks": "2024-06-09 17:35:44 +0000"
    },
    "done": true
  },
  "cfm:recipes/cfm/spruce_chair": {
    "criteria": {
      "has_planks": "2024-06-11 03:15:50 +0000"
    },
    "done": true
  },
  "incendium:technical/on_inventory_change": {
    "criteria": {
      "log_spam_fixer": "2024-06-11 03:35:34 +0000"
    },
    "done": false
  },
  "cfm:recipes/cfm/oak_park_bench": {
    "criteria": {
      "has_log": "2024-06-09 17:16:27 +0000"
    },
    "done": true
  },
  "minecraft:recipes/combat/golden_boots": {
    "criteria": {
      "has_gold_ingot": "2024-06-11 03:10:26 +0000"
    },
    "done": true
  },
  "cfm:recipes/cfm/stripped_oak_park_bench": {
    "criteria": {
      "has_log": "2024-06-09 17:16:27 +0000"
    },
    "done": true
  },
  "cfm:recipes/cfm/lime_cooler": {
    "criteria": {
      "has_chest": "2024-06-11 03:17:54 +0000"
    },
    "done": true
  },
  "minecraft:recipes/tools/wooden_axe": {
    "criteria": {
      "has_stick": "2024-06-09 17:32:28 +0000"
    },
    "done": true
  },
  "minecraft:recipes/decorations/spruce_sign": {
    "criteria": {
      "has_planks": "2024-06-11 03:15:50 +0000"
    },
    "done": true
  },
  "cfm:recipes/cfm/birch_table": {
    "criteria": {
      "has_log": "2024-06-09 17:16:02 +0000"
    },
    "done": true
  },
  "cfm:recipes/cfm/acacia_mail_box": {
    "criteria": {
      "has_chest": "2024-06-11 03:17:54 +0000"
    },
    "done": true
  },
  "cfm:recipes/cfm/warped_mail_box": {
    "criteria": {
      "has_chest": "2024-06-11 03:17:54 +0000"
    },
    "done": true
  },
  "cfm:recipes/cfm/stripped_birch_cabinet": {
    "criteria": {
      "has_log": "2024-06-09 17:16:02 +0000"
    },
    "done": true
  },
  "cfm:recipes/cfm/stripped_crimson_mail_box": {
    "criteria": {
      "has_chest": "2024-06-11 03:17:54 +0000"
    },
    "done": true
  },
  "minecraft:recipes/combat/golden_chestplate": {
    "criteria": {
      "has_gold_ingot": "2024-06-11 03:10:26 +0000"
    },
    "done": true
  },
  "cfm:recipes/cfm/stripped_birch_desk_cabinet": {
    "criteria": {
      "has_planks": "2024-06-09 17:16:02 +0000"
    },
    "done": true
  },
  "minecraft:recipes/misc/iron_ingot_from_blasting_raw_iron": {
    "criteria": {
      "has_raw_iron": "2024-06-11 02:54:31 +0000"
    },
    "done": true
  },
  "cfm:recipes/cfm/crimson_kitchen_drawer": {
    "criteria": {
      "has_chest": "2024-06-11 03:17:54 +0000"
    },
    "done": true
  },
  "cfm:recipes/cfm/light_gray_grill": {
    "criteria": {
      "has_iron": "2024-06-11 02:53:50 +0000"
    },
    "done": true
  },
  "spartanshields:recipes/spartanshields/wooden_tower_shield": {
    "criteria": {
      "has_planks": "2024-06-09 17:35:44 +0000"
    },
    "done": true
  },
  "farmersdelight:recipes/farmersdelight/cooking/pasta_with_meatballs": {
    "criteria": {
      "has_any_ingredient": "2024-06-11 03:10:22 +0000"
    },
    "done": true
  },
  "cfm:recipes/cfm/stripped_spruce_kitchen_drawer": {
    "criteria": {
      "has_chest": "2024-06-11 03:17:54 +0000"
    },
    "done": true
  },
  "cfm:recipes/cfm/birch_upgraded_fence": {
    "criteria": {
      "has_log": "2024-06-09 17:16:02 +0000"
    },
    "done": true
  },
  "cfm:recipes/cfm/pink_cooler": {
    "criteria": {
      "has_chest": "2024-06-11 03:17:54 +0000"
    },
    "done": true
  },
  "cfm:recipes/cfm/stripped_birch_kitchen_drawer": {
    "criteria": {
      "has_log": "2024-06-09 17:16:02 +0000"
    },
    "done": true
  },
  "cfm:recipes/cfm/stripped_oak_crate": {
    "criteria": {
      "has_planks": "2024-06-09 17:16:27 +0000"
    },
    "done": true
  },
  "cfm:recipes/cfm/cyan_kitchen_drawer": {
    "criteria": {
      "has_chest": "2024-06-11 03:17:54 +0000"
    },
    "done": true
  },
  "minecraft:recipes/redstone/birch_button": {
    "criteria": {
      "has_planks": "2024-06-11 02:50:39 +0000"
    },
    "done": true
  },
  "minecraft:recipes/building_blocks/iron_block": {
    "criteria": {
      "has_iron_ingot": "2024-06-11 02:53:50 +0000"
    },
    "done": true
  },
  "cfm:recipes/cfm/fridge_dark": {
    "criteria": {
      "has_iron": "2024-06-11 02:53:50 +0000"
    },
    "done": true
  },
  "cfm:recipes/cfm/oak_chair": {
    "criteria": {
      "has_log": "2024-06-09 17:16:27 +0000"
    },
    "done": true
  },
  "incendium:technical/inventory/sentrys_wrath": {
    "criteria": {
      "log_spam_fixer": "2024-06-11 03:35:34 +0000"
    },
    "done": false
  },
  "cfm:recipes/cfm/stripped_jungle_mail_box": {
    "criteria": {
      "has_chest": "2024-06-11 03:17:54 +0000"
    },
    "done": true
  },
  "cfm:recipes/cfm/blue_cooler": {
    "criteria": {
      "has_chest": "2024-06-11 03:17:54 +0000"
    },
    "done": true
  },
  "cfm:recipes/cfm/birch_bedside_cabinet": {
    "criteria": {
      "has_log": "2024-06-09 17:16:02 +0000"
    },
    "done": true
  },
  "cfm:recipes/cfm/mangrove_kitchen_drawer": {
    "criteria": {
      "has_chest": "2024-06-11 03:17:54 +0000"
    },
    "done": true
  },
  "mowziesmobs:root": {
    "criteria": {
      "custom_test_name": "2024-06-09 17:09:57 +0000"
    },
    "done": true
  },
  "cfm:recipes/cfm/birch_kitchen_counter": {
    "criteria": {
      "has_log": "2024-06-09 17:16:02 +0000"
    },
    "done": true
  },
  "cfm:recipes/cfm/stripped_oak_bedside_cabinet": {
    "criteria": {
      "has_planks": "2024-06-09 17:16:27 +0000"
    },
    "done": true
  },
  "minecraft:recipes/redstone/light_weighted_pressure_plate": {
    "criteria": {
      "has_gold_ingot": "2024-06-11 03:10:26 +0000"
    },
    "done": true
  },
  "cfm:recipes/cfm/blue_kitchen_drawer": {
    "criteria": {
      "has_chest": "2024-06-11 03:17:54 +0000"
    },
    "done": true
  },
  "minecraft:recipes/combat/wooden_sword": {
    "criteria": {
      "has_stick": "2024-06-09 17:32:28 +0000"
    },
    "done": true
  },
  "cfm:recipes/cfm/spatula": {
    "criteria": {
      "has_iron": "2024-06-11 02:53:50 +0000"
    },
    "done": true
  },
  "minecraft:recipes/tools/stone_shovel": {
    "criteria": {
      "has_cobblestone": "2024-06-11 03:08:22 +0000"
    },
    "done": true
  },
  "minecraft:recipes/building_blocks/oak_planks": {
    "criteria": {
      "has_logs": "2024-06-09 17:16:27 +0000"
    },
    "done": true
  },
  "cfm:recipes/cfm/spruce_coffee_table": {
    "criteria": {
      "has_planks": "2024-06-11 03:15:50 +0000"
    },
    "done": true
  },
  "minecraft:recipes/building_blocks/spruce_slab": {
    "criteria": {
      "has_planks": "2024-06-11 03:15:50 +0000"
    },
    "done": true
  },
  "cfm:recipes/cfm/oak_mail_box": {
    "criteria": {
      "has_chest": "2024-06-11 03:17:54 +0000"
    },
    "done": true
  },
  "cfm:recipes/cfm/birch_coffee_table": {
    "criteria": {
      "has_log": "2024-06-09 17:16:02 +0000"
    },
    "done": true
  },
  "cfm:recipes/cfm/stripped_oak_kitchen_counter": {
    "criteria": {
      "has_log": "2024-06-09 17:16:27 +0000"
    },
    "done": true
  },
  "cfm:recipes/cfm/white_kitchen_drawer": {
    "criteria": {
      "has_chest": "2024-06-11 03:17:54 +0000"
    },
    "done": true
  },
  "minecraft:recipes/tools/golden_axe": {
    "criteria": {
      "has_gold_ingot": "2024-06-11 03:10:26 +0000"
    },
    "done": true
  },
  "minecraft:recipes/tools/iron_axe": {
    "criteria": {
      "has_iron_ingot": "2024-06-11 02:53:50 +0000"
    },
    "done": true
  },
  "cfm:recipes/cfm/spruce_mail_box": {
    "criteria": {
      "has_chest": "2024-06-11 03:17:54 +0000"
    },
    "done": true
  },
  "cfm:recipes/cfm/oak_table": {
    "criteria": {
      "has_log": "2024-06-09 17:16:27 +0000"
    },
    "done": true
  },
  "cfm:recipes/cfm/spruce_desk": {
    "criteria": {
      "has_planks": "2024-06-11 03:15:50 +0000"
    },
    "done": true
  },
  "cfm:recipes/cfm/birch_desk_cabinet": {
    "criteria": {
      "has_log": "2024-06-09 17:16:02 +0000"
    },
    "done": true
  },
  "minecraft:recipes/combat/golden_helmet": {
    "criteria": {
      "has_gold_ingot": "2024-06-11 03:10:26 +0000"
    },
    "done": true
  },
  "cfm:recipes/cfm/purple_kitchen_drawer": {
    "criteria": {
      "has_chest": "2024-06-11 03:17:54 +0000"
    },
    "done": true
  },
  "minecraft:recipes/redstone/oak_pressure_plate": {
    "criteria": {
      "has_planks": "2024-06-09 17:35:44 +0000"
    },
    "done": true
  },
  "cfm:recipes/cfm/birch_chair": {
    "criteria": {
      "has_log": "2024-06-09 17:16:02 +0000"
    },
    "done": true
  },
  "minecraft:recipes/combat/iron_boots": {
    "criteria": {
      "has_iron_ingot": "2024-06-11 02:53:50 +0000"
    },
    "done": true
  },
  "minecraft:recipes/building_blocks/birch_planks": {
    "criteria": {
      "has_logs": "2024-06-09 17:16:02 +0000"
    },
    "done": true
  },
  "cfm:recipes/cfm/oak_desk": {
    "criteria": {
      "has_log": "2024-06-09 17:16:27 +0000"
    },
    "done": true
  },
  "minecraft:story/iron_tools": {
    "criteria": {
      "iron_pickaxe": "2024-06-11 02:53:44 +0000"
    },
    "done": true
  },
  "cfm:recipes/cfm/stripped_birch_crate": {
    "criteria": {
      "has_planks": "2024-06-09 17:16:02 +0000"
    },
    "done": true
  },
  "farmersdelight:recipes/farmersdelight/iron_knife": {
    "criteria": {
      "has_iron_ingot": "2024-06-11 02:53:50 +0000"
    },
    "done": true
  },
  "cfm:recipes/cfm/stripped_birch_coffee_table": {
    "criteria": {
      "has_planks": "2024-06-09 17:16:02 +0000"
    },
    "done": true
  },
  "minecraft:recipes/building_blocks/oak_wood": {
    "criteria": {
      "has_log": "2024-06-09 17:16:27 +0000"
    },
    "done": true
  },
  "minecraft:recipes/redstone/birch_fence_gate": {
    "criteria": {
      "has_planks": "2024-06-11 02:50:39 +0000"
    },
    "done": true
  },
  "cfm:recipes/cfm/orange_kitchen_drawer": {
    "criteria": {
      "has_chest": "2024-06-11 03:17:54 +0000"
    },
    "done": true
  },
  "minecraft:story/root": {
    "criteria": {
      "crafting_table": "2024-06-09 17:36:16 +0000"
    },
    "done": true
  },
  "minecraft:recipes/combat/crossbow": {
    "criteria": {
      "has_stick": "2024-06-09 17:32:28 +0000"
    },
    "done": true
  },
  "minecraft:recipes/combat/iron_chestplate": {
    "criteria": {
      "has_iron_ingot": "2024-06-11 02:53:50 +0000"
    },
    "done": true
  },
  "cfm:recipes/cfm/magenta_cooler": {
    "criteria": {
      "has_chest": "2024-06-11 03:17:54 +0000"
    },
    "done": true
  },
  "minecraft:recipes/redstone/spruce_pressure_plate": {
    "criteria": {
      "has_planks": "2024-06-11 03:15:50 +0000"
    },
    "done": true
  },
  "minecraft:recipes/decorations/oak_sign": {
    "criteria": {
      "has_planks": "2024-06-09 17:35:44 +0000"
    },
    "done": true
  },
  "cfm:recipes/cfm/stripped_birch_mail_box": {
    "criteria": {
      "has_chest": "2024-06-11 03:17:54 +0000"
    },
    "done": true
  },
  "minecraft:recipes/redstone/oak_trapdoor": {
    "criteria": {
      "has_planks": "2024-06-09 17:35:44 +0000"
    },
    "done": true
  },
  "cfm:recipes/cfm/orange_cooler": {
    "criteria": {
      "has_chest": "2024-06-11 03:17:54 +0000"
    },
    "done": true
  },
  "cfm:recipes/cfm/stripped_oak_desk": {
    "criteria": {
      "has_planks": "2024-06-09 17:16:27 +0000"
    },
    "done": true
  },
  "cfm:recipes/cfm/stripped_oak_mail_box": {
    "criteria": {
      "has_chest": "2024-06-11 03:17:54 +0000"
    },
    "done": true
  },
  "minecraft:recipes/misc/iron_nugget_from_blasting": {
    "criteria": {
      "has_iron_pickaxe": "2024-06-11 02:53:45 +0000"
    },
    "done": true
  },
  "betterdungeons:root": {
    "criteria": {
      "always": "2024-06-09 17:09:57 +0000"
    },
    "done": true
  },
  "cfm:recipes/cfm/stripped_birch_park_bench": {
    "criteria": {
      "has_log": "2024-06-09 17:16:02 +0000"
    },
    "done": true
  },
  "minecraft:adventure/kill_a_mob": {
    "criteria": {
      "minecraft:zombie_villager": "2024-06-09 17:14:13 +0000"
    },
    "done": true
  },
  "man:feelingwatched": {
    "criteria": {
      "feelingwatched": "2024-06-09 17:30:30 +0000"
    },
    "done": true
  },
  "minecraft:recipes/redstone/oak_button": {
    "criteria": {
      "has_planks": "2024-06-09 17:35:44 +0000"
    },
    "done": true
  },
  "minecraft:recipes/tools/golden_pickaxe": {
    "criteria": {
      "has_gold_ingot": "2024-06-11 03:10:26 +0000"
    },
    "done": true
  },
  "incendium:technical/multiplex_crossbow": {
    "criteria": {
      "log_spam_fixer": "2024-06-11 03:35:34 +0000"
    },
    "done": false
  },
  "cfm:recipes/cfm/acacia_kitchen_drawer": {
    "criteria": {
      "has_chest": "2024-06-11 03:17:54 +0000"
    },
    "done": true
  },
  "cfm:recipes/cfm/oak_cabinet": {
    "criteria": {
      "has_log": "2024-06-09 17:16:27 +0000"
    },
    "done": true
  },
  "farmersdelight:recipes/farmersdelight/flint_knife": {
    "criteria": {
      "has_stick": "2024-06-11 02:49:53 +0000"
    },
    "done": true
  },
  "minecraft:recipes/building_blocks/stone": {
    "criteria": {
      "has_cobblestone": "2024-06-11 03:08:22 +0000"
    },
    "done": true
  },
  "incendium:technical/firestorm": {
    "criteria": {
      "log_spam_fixer": "2024-06-11 03:35:34 +0000"
    },
    "done": false
  },
  "cfm:recipes/cfm/jungle_kitchen_drawer": {
    "criteria": {
      "has_chest": "2024-06-11 03:17:54 +0000"
    },
    "done": true
  },
  "minecraft:recipes/food/cooked_beef": {
    "criteria": {
      "has_beef": "2024-06-11 03:10:22 +0000"
    },
    "done": true
  },
  "minecraft:adventure/adventuring_time": {
    "criteria": {
      "minecraft:river": "2024-06-11 02:50:24 +0000",
      "minecraft:swamp": "2024-06-09 17:12:17 +0000",
      "minecraft:forest": "2024-06-09 17:09:58 +0000",
      "minecraft:plains": "2024-06-09 17:12:11 +0000"
    },
    "done": false
  },
  "minecraft:recipes/redstone/iron_door": {
    "criteria": {
      "has_iron_ingot": "2024-06-11 02:53:50 +0000"
    },
    "done": true
  },
  "incendium:technical/using/ragnarok": {
    "criteria": {
      "log_spam_fixer": "2024-06-09 17:09:58 +0000"
    },
    "done": false
  },
  "spartanshields:recipes/spartanshields/wooden_basic_shield": {
    "criteria": {
      "has_planks": "2024-06-09 17:35:44 +0000"
    },
    "done": true
  },
  "cfm:recipes/cfm/red_grill": {
    "criteria": {
      "has_iron": "2024-06-11 02:53:50 +0000"
    },
    "done": true
  },
  "minecraft:recipes/combat/stone_sword": {
    "criteria": {
      "has_cobblestone": "2024-06-11 03:08:22 +0000"
    },
    "done": true
  },
  "cfm:recipes/cfm/birch_mail_box": {
    "criteria": {
      "has_chest": "2024-06-11 03:17:54 +0000"
    },
    "done": true
  },
  "cfm:recipes/cfm/green_kitchen_drawer": {
    "criteria": {
      "has_chest": "2024-06-11 03:17:54 +0000"
    },
    "done": true
  },
  "minecraft:recipes/decorations/barrel": {
    "criteria": {
      "has_planks": "2024-06-09 17:35:44 +0000"
    },
    "done": true
  },
  "minecraft:recipes/decorations/cobblestone_wall": {
    "criteria": {
      "has_cobblestone": "2024-06-11 03:08:22 +0000"
    },
    "done": true
  },
  "incendium:technical/new_player": {
    "criteria": {
      "requirement": "2024-06-09 17:09:57 +0000"
    },
    "done": true
  },
  "cfm:recipes/cfm/stripped_crimson_kitchen_drawer": {
    "criteria": {
      "has_chest": "2024-06-11 03:17:54 +0000"
    },
    "done": true
  },
  "minecraft:recipes/misc/iron_ingot_from_smelting_raw_iron": {
    "criteria": {
      "has_raw_iron": "2024-06-11 02:54:31 +0000"
    },
    "done": true
  },
  "minecraft:recipes/tools/stone_pickaxe": {
    "criteria": {
      "has_cobblestone": "2024-06-11 03:08:22 +0000"
    },
    "done": true
  },
  "minecraft:recipes/decorations/smithing_table": {
    "criteria": {
      "has_iron_ingot": "2024-06-11 02:53:50 +0000"
    },
    "done": true
  },
  "cfm:recipes/cfm/gray_grill": {
    "criteria": {
      "has_iron": "2024-06-11 02:53:50 +0000"
    },
    "done": true
  },
  "cfm:recipes/cfm/oak_desk_cabinet": {
    "criteria": {
      "has_log": "2024-06-09 17:16:27 +0000"
    },
    "done": true
  },
  "minecraft:recipes/redstone/oak_door": {
    "criteria": {
      "has_planks": "2024-06-09 17:35:44 +0000"
    },
    "done": true
  },
  "incendium:technical/holy_wrath": {
    "criteria": {
      "log_spam_fixer": "2024-06-11 03:35:34 +0000"
    },
    "done": false
  },
  "cfm:recipes/cfm/lime_grill": {
    "criteria": {
      "has_iron": "2024-06-11 02:53:50 +0000"
    },
    "done": true
  },
  "cfm:recipes/cfm/spruce_kitchen_sink_light": {
    "criteria": {
      "has_bottom": "2024-06-11 03:15:50 +0000"
    },
    "done": true
  },
  "minecraft:recipes/transportation/jungle_boat": {
    "criteria": {
      "in_water": "2024-06-11 02:50:23 +0000"
    },
    "done": true
  },
  "minecraft:recipes/decorations/cobblestone_wall_from_cobblestone_stonecutting": {
    "criteria": {
      "has_cobblestone": "2024-06-11 03:08:22 +0000"
    },
    "done": true
  },
  "incendium:technical/give_ghastling": {
    "criteria": {
      "log_spam_fixer": "2024-06-11 03:35:34 +0000"
    },
    "done": false
  },
  "cfm:recipes/cfm/light_gray_cooler": {
    "criteria": {
      "has_chest": "2024-06-11 03:17:54 +0000"
    },
    "done": true
  },
  "minecraft:recipes/building_blocks/birch_stairs": {
    "criteria": {
      "has_planks": "2024-06-11 02:50:39 +0000"
    },
    "done": true
  },
  "cfm:recipes/cfm/stripped_dark_oak_mail_box": {
    "criteria": {
      "has_chest": "2024-06-11 03:17:54 +0000"
    },
    "done": true
  },
  "incendium:technical/on_kill": {
    "criteria": {
      "log_spam_fixer": "2024-06-11 03:35:34 +0000"
    },
    "done": false
  },
  "minecraft:recipes/redstone/heavy_weighted_pressure_plate": {
    "criteria": {
      "has_iron_ingot": "2024-06-11 02:53:50 +0000"
    },
    "done": true
  },
  "cfm:recipes/cfm/red_kitchen_drawer": {
    "criteria": {
      "has_chest": "2024-06-11 03:17:54 +0000"
    },
    "done": true
  },
  "farmersdelight:recipes/farmersdelight/golden_knife": {
    "criteria": {
      "has_gold_ingot": "2024-06-11 03:10:26 +0000"
    },
    "done": true
  },
  "cfm:recipes/cfm/black_grill": {
    "criteria": {
      "has_iron": "2024-06-11 02:53:50 +0000"
    },
    "done": true
  },
  "cfm:recipes/cfm/light_blue_kitchen_drawer": {
    "criteria": {
      "has_chest": "2024-06-11 03:17:54 +0000"
    },
    "done": true
  },
  "minecraft:recipes/transportation/dark_oak_boat": {
    "criteria": {
      "in_water": "2024-06-11 02:50:23 +0000"
    },
    "done": true
  },
  "incendium:technical/on_player_hurt": {
    "criteria": {
      "log_spam_fixer": "2024-06-11 03:35:34 +0000"
    },
    "done": false
  },
  "cfm:recipes/cfm/cyan_grill": {
    "criteria": {
      "has_iron": "2024-06-11 02:53:50 +0000"
    },
    "done": true
  },
  "cfm:recipes/cfm/stripped_dark_oak_kitchen_drawer": {
    "criteria": {
      "has_chest": "2024-06-11 03:17:54 +0000"
    },
    "done": true
  },
  "cfm:recipes/cfm/yellow_kitchen_drawer": {
    "criteria": {
      "has_chest": "2024-06-11 03:17:54 +0000"
    },
    "done": true
  },
  "minecraft:recipes/redstone/birch_trapdoor": {
    "criteria": {
      "has_planks": "2024-06-11 02:50:39 +0000"
    },
    "done": true
  },
  "minecraft:recipes/combat/golden_leggings": {
    "criteria": {
      "has_gold_ingot": "2024-06-11 03:10:26 +0000"
    },
    "done": true
  },
  "cfm:recipes/cfm/light_blue_cooler": {
    "criteria": {
      "has_chest": "2024-06-11 03:17:54 +0000"
    },
    "done": true
  },
  "minecraft:recipes/decorations/lantern": {
    "criteria": {
      "has_iron_ingot": "2024-06-11 02:53:50 +0000"
    },
    "done": true
  },
  "cfm:recipes/cfm/light_blue_grill": {
    "criteria": {
      "has_iron": "2024-06-11 02:53:50 +0000"
    },
    "done": true
  },
  "cfm:recipes/cfm/oak_upgraded_fence": {
    "criteria": {
      "has_log": "2024-06-09 17:16:27 +0000"
    },
    "done": true
  },
  "cfm:recipes/cfm/stripped_acacia_mail_box": {
    "criteria": {
      "has_chest": "2024-06-11 03:17:54 +0000"
    },
    "done": true
  },
  "cfm:recipes/cfm/post_box": {
    "criteria": {
      "has_iron": "2024-06-11 02:53:50 +0000"
    },
    "done": true
  },
  "minecraft:recipes/redstone/spruce_trapdoor": {
    "criteria": {
      "has_planks": "2024-06-11 03:15:50 +0000"
    },
    "done": true
  },
  "cfm:recipes/cfm/stripped_acacia_kitchen_drawer": {
    "criteria": {
      "has_chest": "2024-06-11 03:17:54 +0000"
    },
    "done": true
  },
  "cfm:recipes/cfm/purple_cooler": {
    "criteria": {
      "has_chest": "2024-06-11 03:17:54 +0000"
    },
    "done": true
  },
  "minecraft:recipes/food/cooked_beef_from_campfire_cooking": {
    "criteria": {
      "has_beef": "2024-06-11 03:10:22 +0000"
    },
    "done": true
  },
  "cfm:recipes/cfm/stripped_jungle_kitchen_drawer": {
    "criteria": {
      "has_chest": "2024-06-11 03:17:54 +0000"
    },
    "done": true
  },
  "cfm:recipes/cfm/birch_kitchen_drawer": {
    "criteria": {
      "has_log": "2024-06-09 17:16:02 +0000"
    },
    "done": true
  },
  "cfm:recipes/cfm/black_cooler": {
    "criteria": {
      "has_chest": "2024-06-11 03:17:54 +0000"
    },
    "done": true
  },
  "cfm:recipes/cfm/spruce_crate": {
    "criteria": {
      "has_planks": "2024-06-11 03:15:50 +0000"
    },
    "done": true
  },
  "minecraft:recipes/decorations/soul_campfire": {
    "criteria": {
      "has_stick": "2024-06-09 17:32:28 +0000"
    },
    "done": true
  },
  "minecraft:story/smelt_iron": {
    "criteria": {
      "iron": "2024-06-11 02:53:50 +0000"
    },
    "done": true
  },
  "minecraft:recipes/tools/stone_axe": {
    "criteria": {
      "has_cobblestone": "2024-06-11 03:08:22 +0000"
    },
    "done": true
  },
  "cfm:recipes/cfm/birch_cabinet": {
    "criteria": {
      "has_log": "2024-06-09 17:16:02 +0000"
    },
    "done": true
  },
  "minecraft:recipes/building_blocks/raw_iron_block": {
    "criteria": {
      "has_raw_iron": "2024-06-11 02:54:31 +0000"
    },
    "done": true
  },
  "cfm:recipes/cfm/oak_kitchen_sink_light": {
    "criteria": {
      "has_bottom": "2024-06-09 17:35:44 +0000"
    },
    "done": true
  },
  "cfm:recipes/cfm/oak_coffee_table": {
    "criteria": {
      "has_log": "2024-06-09 17:16:27 +0000"
    },
    "done": true
  },
  "cfm:recipes/cfm/spruce_desk_cabinet": {
    "criteria": {
      "has_planks": "2024-06-11 03:15:50 +0000"
    },
    "done": true
  },
  "cfm:recipes/cfm/birch_kitchen_sink_dark": {
    "criteria": {
      "has_bottom": "2024-06-11 02:50:39 +0000"
    },
    "done": true
  },
  "cfm:recipes/cfm/fridge_light": {
    "criteria": {
      "has_iron": "2024-06-11 02:53:50 +0000"
    },
    "done": true
  },
  "DataVersion": 3120
}